scenario,x,y_ref,heading_ref,curvature_ref,segment_name,mu_ref,speed_ref_kmh
nonstationary_adaptive_technical_course,0.0,-1.4083395626858624e-12,0.008503522505104137,0.0021974437865449883,initial_edmd_training,0.95,34.0
nonstationary_adaptive_technical_course,1.6767361111111112,0.020927859581719863,0.016787858145725424,0.005320346054791825,initial_edmd_training,0.95,34.0
nonstationary_adaptive_technical_course,3.3534722222222224,0.05632325226315202,0.025123135327698283,0.00424809975971371,initial_edmd_training,0.95,34.0
nonstationary_adaptive_technical_course,5.030208333333333,0.1032643396864617,0.030076357604827148,0.0015060048544903923,initial_edmd_training,0.95,34.0
nonstationary_adaptive_technical_course,6.706944444444445,0.15444627241640518,0.030170854035024192,-0.0012722665639174015,initial_edmd_training,0.95,34.0
nonstationary_adaptive_technical_course,8.383680555555555,0.20230098027978974,0.02640404982063788,-0.003025383395125232,initial_edmd_training,0.95,34.0
nonstationary_adaptive_technical_course,10.060416666666667,0.2418789866746025,0.020586851559267993,-0.0037787433320194577,initial_edmd_training,0.9500000000000001,34.0
nonstationary_adaptive_technical_course,11.737152777777778,0.2709591284816359,0.014048009105088148,-0.003956652685641083,initial_edmd_training,0.95,34.0
nonstationary_adaptive_technical_course,13.41388888888889,0.2889678799531173,0.007452432525406079,-0.0038856700827837546,initial_edmd_training,0.95,34.0
nonstationary_adaptive_technical_course,15.090625000000001,0.29607259103952493,0.0010690637738159663,-0.003718117977034438,initial_edmd_training,0.9499999999999998,34.0
nonstationary_adaptive_technical_course,16.76736111111111,0.2927351444739817,-0.00498900402428463,-0.003500442923990134,initial_edmd_training,0.95,34.0
nonstationary_adaptive_technical_course,18.444097222222222,0.27956679862326317,-0.010643778804956375,-0.0032359343365510615,initial_edmd_training,0.95,34.0
nonstationary_adaptive_technical_course,20.120833333333334,0.2573119142014597,-0.015810945486467238,-0.00291724615669308,initial_edmd_training,0.95,34.0
nonstationary_adaptive_technical_course,21.797569444444445,0.22686623685694882,-0.020394596178197305,-0.0025391248168567075,initial_edmd_training,0.95,34.0
nonstationary_adaptive_technical_course,23.474305555555556,0.18929141153880708,-0.02429445081559041,-0.002101898194547998,initial_edmd_training,0.95,34.0
nonstationary_adaptive_technical_course,25.151041666666668,0.14581454234585728,-0.027415453934786567,-0.0016114174784720655,initial_edmd_training,0.95,34.0
nonstationary_adaptive_technical_course,26.82777777777778,0.09781231305772495,-0.029676181761085867,-0.0010779194107013196,initial_edmd_training,0.95,34.0
nonstationary_adaptive_technical_course,28.50451388888889,0.04678258994841845,-0.03101514750470002,-0.0005147258092950054,initial_edmd_training,0.95,34.0
nonstationary_adaptive_technical_course,30.181250000000002,-0.005692918412390421,-0.0313949988458082,6.295161693380198e-05,initial_edmd_training,0.95,34.0
nonstationary_adaptive_technical_course,31.857986111111114,-0.057991548102613755,-0.030804808595182254,0.0006390807144524357,initial_edmd_training,0.95,34.0
nonstationary_adaptive_technical_course,33.53472222222222,-0.10849499727382708,-0.029260611691157026,0.0011978185206454476,initial_edmd_training,0.95,34.0
nonstationary_adaptive_technical_course,35.21145833333333,-0.15563409062948597,-0.026804210709376174,0.0017245526827981616,initial_edmd_training,0.95,34.0
nonstationary_adaptive_technical_course,36.888194444444444,-0.1979299225012164,-0.023500123819021144,0.0022070638199747803,initial_edmd_training,0.95,34.0
nonstationary_adaptive_technical_course,38.564930555555556,-0.2340280149020278,-0.019430430836446674,0.00263685821820464,initial_edmd_training,0.95,34.0
nonstationary_adaptive_technical_course,40.24166666666667,-0.2627217358989174,-0.014687286541216673,0.003010583105506114,initial_edmd_training,0.95,34.0
nonstationary_adaptive_technical_course,41.91840277777778,-0.2829611400851276,-0.009363292470834235,0.003331041832969607,initial_edmd_training,0.95,34.0
nonstationary_adaptive_technical_course,43.59513888888889,-0.29384478999463043,-0.0035414510196758557,0.0036063044965788664,initial_edmd_training,0.95,34.0
nonstationary_adaptive_technical_course,45.271875,-0.29459801810907266,0.0027093317598335252,0.0038430458231942803,initial_edmd_training,0.95,34.0
nonstationary_adaptive_technical_course,46.94861111111111,-0.2845583530718261,0.00931727605813242,0.004025722474478712,initial_edmd_training,0.95,34.0
nonstationary_adaptive_technical_course,48.625347222222224,-0.26322992506627874,0.016134752100519963,0.0040682976053912,initial_edmd_training,0.95,34.0
nonstationary_adaptive_technical_course,50.302083333333336,-0.23054425992725372,0.022756420008175602,0.003735368656375942,initial_edmd_training,0.95,34.0
nonstationary_adaptive_technical_course,51.97881944444445,-0.1875350064803979,0.02821886695601068,0.0026043428369617173,initial_edmd_training,0.95,34.0
nonstationary_adaptive_technical_course,53.65555555555556,-0.1374757615680288,0.030830553506150295,0.0003136249044046777,initial_edmd_training,0.95,34.0
nonstationary_adaptive_technical_course,55.33229166666667,-0.08672367961132428,0.028830290415952153,-0.0027188578593109873,initial_edmd_training,0.95,34.0
nonstationary_adaptive_technical_course,57.00902777777778,-0.04343778362148393,0.022143565842185773,-0.004991408254229079,speed_ramp,0.95,34.0814649039621
nonstationary_adaptive_technical_course,58.68576388888889,-0.01359855422466887,0.013435504373371104,-0.005037253303580558,speed_ramp,0.95,34.47766487162377
nonstationary_adaptive_technical_course,60.362500000000004,0.0024395031453539064,0.006115602820894084,-0.0035567437617643515,speed_ramp,0.95,34.869363343772136
nonstationary_adaptive_technical_course,62.039236111111116,0.008511219625119276,0.0015971874172517888,-0.0018876750739419688,speed_ramp,0.95,35.256710354200656
nonstationary_adaptive_technical_course,63.71597222222223,0.009145353224979948,-0.0005199350101781855,-0.0007411271265817609,speed_ramp,0.95,35.6398477830644
nonstationary_adaptive_technical_course,65.39270833333333,0.007563890562071416,-0.0012020302037899322,-0.00015016530734525944,speed_ramp,0.95,36.01890996407303
nonstationary_adaptive_technical_course,67.06944444444444,0.0054773369969979635,-0.0012222699833239075,8.335422268465572e-05,speed_ramp,0.95,36.3940242347559
nonstationary_adaptive_technical_course,68.74618055555555,0.0035840175247692967,-0.0010215861922601055,0.00013679992490937324,speed_ramp,0.95,36.76531143618941
nonstationary_adaptive_technical_course,70.42291666666667,0.0020584052697966543,-0.0008044446621990988,0.000115129652726059,speed_ramp,0.95,37.13288636774685
nonstationary_adaptive_technical_course,72.09965277777778,0.0008510576349797718,-0.0006487278925815675,6.880341768719932e-05,speed_ramp,0.95,37.49685820172138
nonstationary_adaptive_technical_course,73.77638888888889,-0.00016373149085761513,-0.0005759393876407259,1.8047362825065587e-05,speed_ramp,0.95,37.85733086206686
nonstationary_adaptive_technical_course,75.453125,-0.001127349984698482,-0.0005872211676487594,-3.1112521874496616e-05,speed_ramp,0.95,38.21440337098042
nonstationary_adaptive_technical_course,77.12986111111111,-0.0021779387937708216,-0.0006790842098643097,-7.816976681207833e-05,speed_ramp,0.95,38.56817016660241
nonstationary_adaptive_technical_course,78.80659722222222,-0.003447956077259973,-0.0008485301036099691,-0.0001236879319964095,speed_ramp,0.95,38.9187213947221
nonstationary_adaptive_technical_course,80.48333333333333,-0.0050651887013668335,-0.001092577137988906,-0.0001667816252376382,speed_ramp,0.95,39.26614317704249
nonstationary_adaptive_technical_course,82.16006944444445,-0.0071498230517470325,-0.0014041993698452422,-0.00020320033076667615,speed_ramp,0.95,39.61051785826587
nonstationary_adaptive_technical_course,83.83680555555556,-0.00980204150928121,-0.001765075694756524,-0.00022338279653285389,speed_ramp,0.95,39.951924234009056
nonstationary_adaptive_technical_course,85.51354166666667,-0.013074665254173414,-0.0021349842655732734,-0.00021045309177068034,speed_ramp,0.95,40.290437761334886
nonstationary_adaptive_technical_course,87.19027777777778,-0.016925384915571422,-0.002438256248805102,-0.0001389346488064481,speed_ramp,0.95,40.62613075349411
nonstationary_adaptive_technical_course,88.86701388888889,-0.02114542428197807,-0.0025499631421611445,2.382872565444529e-05,speed_ramp,0.95,40.95907256030096
nonstationary_adaptive_technical_course,90.54375,-0.025269424921676654,-0.0022890201601238514,0.00031020911263512793,speed_ramp,0.95,41.28932973541711
nonstationary_adaptive_technical_course,92.22048611111111,-0.02848836375406656,-0.0014313346880583757,0.00073548154418311,speed_ramp,0.95,41.61696619168678
nonstationary_adaptive_technical_course,93.89722222222223,-0.029612577837350346,0.0002412509993366423,0.001272889781920683,speed_ramp,0.95,41.942043345550054
nonstationary_adaptive_technical_course,95.57395833333334,-0.0271521068289612,0.0028510938198319396,0.001833002780295064,speed_ramp,0.95,42.264620251458545
nonstationary_adaptive_technical_course,97.25069444444445,-0.019566558626990613,0.006320233974236314,0.002271134093382776,speed_ramp,0.95,42.584753727126326
nonstationary_adaptive_technical_course,98.92743055555556,-0.005659383524338984,0.010315191740191939,0.002439135369738393,speed_ramp,0.95,42.90249847036883
nonstationary_adaptive_technical_course,100.60416666666667,0.015028126226109844,0.01431488617322713,0.0022781384663062296,friction_transition_1,0.9439316860465117,43.0
nonstationary_adaptive_technical_course,102.28090277777778,0.042047287414327145,0.01777813707835148,0.001807212548930986,friction_transition_1,0.9351580668604651,43.0
nonstationary_adaptive_technical_course,103.9576388888889,0.0741036128547586,0.020266362448157098,0.001140567066475349,friction_transition_1,0.9263844476744186,43.0
nonstationary_adaptive_technical_course,105.634375,0.10935908978876338,0.021580850722690826,0.0004315765068635669,friction_transition_1,0.917610828488372,43.0
nonstationary_adaptive_technical_course,107.31111111111112,0.14584726226079114,0.02175760881064844,-0.00020148356091206617,friction_transition_1,0.9088372093023256,43.0
nonstationary_adaptive_technical_course,108.98784722222223,0.18180019769532554,0.0209801231791108,-0.0007018626874563748,friction_transition_1,0.900063590116279,43.0
nonstationary_adaptive_technical_course,110.66458333333334,0.21581115911232124,0.01948101687509395,-0.0010642353242880257,friction_transition_1,0.8912899709302325,43.0
nonstationary_adaptive_technical_course,112.34131944444445,0.24685547828078172,0.017475268020062797,-0.001311003051395556,friction_transition_1,0.8825163517441861,43.0
nonstationary_adaptive_technical_course,114.01805555555556,0.2742322166479346,0.015131586573533315,-0.0014723265055300305,friction_transition_1,0.8737427325581395,43.0
nonstationary_adaptive_technical_course,115.69479166666667,0.2974817502754685,0.012569837848856874,-0.0015751390224907746,friction_transition_1,0.864969113372093,43.0
nonstationary_adaptive_technical_course,117.37152777777779,0.31631074506287354,0.009870401099159688,-0.001639362381565481,friction_transition_1,0.8561954941860465,43.0
nonstationary_adaptive_technical_course,119.0482638888889,0.33053599891978364,0.007086205184135076,-0.0016779817473994,friction_transition_1,0.847421875,43.0
nonstationary_adaptive_technical_course,120.72500000000001,0.34004752046890424,0.004253229713562267,-0.0016984874682319385,friction_transition_1,0.8386482558139534,43.0
nonstationary_adaptive_technical_course,122.40173611111112,0.344787083583955,0.0013984348590644292,-0.0017043544871623653,friction_transition_1,0.829874636627907,43.0
nonstationary_adaptive_technical_course,124.07847222222223,0.34473821319133696,-0.0014544003891448077,-0.0016960043566913942,friction_transition_1,0.8211010174418605,43.0
nonstationary_adaptive_technical_course,125.75520833333334,0.33992493161939213,-0.004279880227064819,-0.0016710694335273515,friction_transition_1,0.8123273982558139,43.0
nonstationary_adaptive_technical_course,127.43194444444445,0.3304185292479589,-0.00704602077048821,-0.0016239222188592945,friction_transition_1,0.8035537790697674,43.0
nonstationary_adaptive_technical_course,129.10868055555557,0.3163536753771397,-0.00970789653973063,-0.0015445158427156039,friction_transition_1,0.7947801598837209,43.0
nonstationary_adaptive_technical_course,130.78541666666666,0.29795708202715937,-0.012198908671496936,-0.0014167806716312928,friction_transition_1,0.7860065406976744,43.0
nonstationary_adaptive_technical_course,132.4621527777778,0.27559305555676405,-0.014419493953900879,-0.0012173967977521607,friction_transition_1,0.7772329215116278,43.0
nonstationary_adaptive_technical_course,134.13888888888889,0.24982889562569893,-0.016225482900421414,-0.0009171563439492361,friction_transition_1,0.7684593023255815,43.0
nonstationary_adaptive_technical_course,135.815625,0.22151515019764728,-0.017424158798819814,-0.0004899500070267695,friction_transition_1,0.7596856831395349,43.0
nonstationary_adaptive_technical_course,137.4923611111111,0.19185322907720873,-0.017797980575172984,6.133630767745049e-05,friction_transition_1,0.7509120639534883,43.0
nonstationary_adaptive_technical_course,139.16909722222223,0.16237471497044362,-0.01719392126897999,0.0006511375579294769,friction_transition_1,0.7421384447674417,43.0
nonstationary_adaptive_technical_course,140.84583333333333,0.13468245590218614,-0.01572400409283504,0.001037539732775761,friction_transition_1,0.7333648255813954,43.0
nonstationary_adaptive_technical_course,142.52256944444446,0.10976511959671492,-0.014056157988500052,0.0008127275810947693,friction_transition_1,0.7245912063953488,43.0
nonstationary_adaptive_technical_course,144.19930555555555,0.08690861318246552,-0.013529284781617265,-0.0003393997744067322,friction_transition_1,0.7158175872093023,43.0
nonstationary_adaptive_technical_course,145.87604166666668,0.06295130601873083,-0.015534441694170424,-0.0020656855153672873,friction_transition_1,0.7070439680232558,43.0
nonstationary_adaptive_technical_course,147.55277777777778,0.03332824398004329,-0.020116580984403963,-0.003192206570019286,online_adaptation_1,0.7,43.01383498364218
nonstationary_adaptive_technical_course,149.2295138888889,-0.004893819015799504,-0.0253519553168981,-0.002791615842349841,online_adaptation_1,0.7,43.08394422519833
nonstationary_adaptive_technical_course,150.90625,-0.050703605475944095,-0.028846152014869408,-0.0012758760216665921,online_adaptation_1,0.7,43.153939565235525
nonstationary_adaptive_technical_course,152.58298611111113,-0.10008855682540103,-0.029587637540893996,0.0003401686951812643,online_adaptation_1,0.7,43.22382155709974
nonstationary_adaptive_technical_course,154.25972222222222,-0.14863128491906513,-0.027974954991821756,0.0014930158417673254,online_adaptation_1,0.7,43.29359074967102
nonstationary_adaptive_technical_course,155.93645833333335,-0.19308395620907481,-0.02484585938030663,0.0021735990231682685,online_adaptation_1,0.7,43.36324768741382
nonstationary_adaptive_technical_course,157.61319444444445,-0.23148696247468525,-0.020844089273916823,0.0025650215642742703,online_adaptation_1,0.7,43.43279291042656
nonstationary_adaptive_technical_course,159.28993055555557,-0.26270587286662944,-0.01631958539616073,0.0028151839177236572,online_adaptation_1,0.7,43.502226954490496
nonstationary_adaptive_technical_course,160.96666666666667,-0.28602309749339616,-0.011441458491801108,0.002993263672200887,online_adaptation_1,0.7,43.57155035111787
nonstationary_adaptive_technical_course,162.6434027777778,-0.3009360457525292,-0.006311897439552754,0.0031154273155322458,online_adaptation_1,0.7,43.64076362759937
nonstationary_adaptive_technical_course,164.3201388888889,-0.30710423002259385,-0.0010288151359560485,0.0031745904049591306,online_adaptation_1,0.7,43.70986730705093
nonstationary_adaptive_technical_course,165.99687500000002,-0.30436477918365384,0.004291934997564183,0.00315843870345821,online_adaptation_1,0.7,43.77886190845989
nonstationary_adaptive_technical_course,167.67361111111111,-0.29276509276995943,0.00951565972378528,0.0030575905994861645,online_adaptation_1,0.7,43.847747946730394
nonstationary_adaptive_technical_course,169.35034722222224,-0.2725886812019023,0.014496454693225892,0.0028682585582842915,online_adaptation_1,0.7,43.916525932728334
nonstationary_adaptive_technical_course,171.02708333333334,-0.244366031101862,0.01908689022933476,0.0025923999283211955,online_adaptation_1,0.7,43.98519637332542
nonstationary_adaptive_technical_course,172.70381944444446,-0.2088696798568923,0.023147005607473348,0.002236888646132912,online_adaptation_1,0.7,44.053759771442884
nonstationary_adaptive_technical_course,174.38055555555556,-0.1670955915772357,0.026551599684854245,0.0018123425062372962,online_adaptation_1,0.7,44.122216626094385
nonstationary_adaptive_technical_course,176.05729166666669,-0.12023397916757383,0.02919542771842389,0.0013317760925438656,online_adaptation_1,0.7,44.19056743242838
nonstationary_adaptive_technical_course,177.73402777777778,-0.06963327351733746,0.030995982198477653,0.0008090285952447239,online_adaptation_1,0.7,44.25881268176994
nonstationary_adaptive_technical_course,179.4107638888889,-0.01676163610854782,0.031893370206666584,0.00025685197334908823,online_adaptation_1,0.7,44.326952861661944
nonstationary_adaptive_technical_course,181.0875,0.03682860716016831,0.031846697851397945,-0.00031529099310317465,online_adaptation_1,0.7,44.3949884559057
nonstationary_adaptive_technical_course,182.76423611111113,0.08952752908634597,0.030826960181880705,-0.0009029192691763385,online_adaptation_1,0.7,44.462919944601026
nonstationary_adaptive_technical_course,184.44097222222223,0.13968099734558487,0.02880937564299468,-0.0015046352454033734,online_adaptation_1,0.7,44.530747804185815
nonstationary_adaptive_technical_course,186.11770833333335,0.18559814686910048,0.025777403378731422,-0.0021078638523880813,online_adaptation_1,0.7,44.59847250747495
nonstationary_adaptive_technical_course,187.79444444444445,0.22559752492653287,0.021773789123993137,-0.0026426232792711585,online_adaptation_1,0.7,44.666094523698845
nonstationary_adaptive_technical_course,189.47118055555558,0.2582289022335216,0.01707626766531099,-0.0028745756025405776,online_adaptation_1,0.7,44.733614318541264
nonstationary_adaptive_technical_course,191.14791666666667,0.2829716047106996,0.012606888689740718,-0.002242484445181242,online_adaptation_1,0.7,44.80103235417684
nonstationary_adaptive_technical_course,192.8246527777778,0.30182839140179696,0.010560988109718705,0.00019059074842931736,online_adaptation_1,0.7,44.86834908930793
nonstationary_adaptive_technical_course,194.5013888888889,0.32185454049786844,0.014750124716606859,0.005278254390598535,online_adaptation_1,0.7,44.935564979201054
nonstationary_adaptive_technical_course,196.17812500000002,0.3573133761335011,0.02964871339971405,0.01276682483986512,double_lane_change,0.7,45.0
nonstationary_adaptive_technical_course,197.85486111111112,0.42891787417345867,0.05801291686823857,0.020945102459609007,double_lane_change,0.7,45.0
nonstationary_adaptive_technical_course,199.53159722222225,0.5593398225511477,0.09905144852337146,0.027352496685874764,double_lane_change,0.7,45.0
nonstationary_adaptive_technical_course,201.20833333333334,0.7669060304885916,0.1479269444626549,0.029612318612334782,double_lane_change,0.7,45.0
nonstationary_adaptive_technical_course,202.88506944444447,1.0590387474854137,0.1959385665879846,0.02564007413633552,double_lane_change,0.7,45.0
nonstationary_adaptive_technical_course,204.56180555555557,1.4257327612219712,0.23156979006779718,0.014859587663984888,double_lane_change,0.7,45.0
nonstationary_adaptive_technical_course,206.2385416666667,1.8364465074362208,0.2444962966699576,-0.0002170206263810438,double_lane_change,0.7,45.0
nonstationary_adaptive_technical_course,207.9152777777778,2.2466764985803245,0.23122734069587955,-0.014599946801282094,double_lane_change,0.7,45.0
nonstationary_adaptive_technical_course,209.5920138888889,2.613935228307328,0.19741968026422632,-0.023666392235690406,double_lane_change,0.7,45.0
nonstationary_adaptive_technical_course,211.26875,2.9124330190344976,0.15431579682265595,-0.025877455206478474,double_lane_change,0.7,45.0
nonstationary_adaptive_technical_course,212.94548611111114,3.1367184111022817,0.11245952827706024,-0.02299969211344237,double_lane_change,0.7,45.0
nonstationary_adaptive_technical_course,214.62222222222223,3.295536641841357,0.07784153204547371,-0.017961780059333538,double_lane_change,0.7,45.0
nonstationary_adaptive_technical_course,216.29895833333333,3.403342565219346,0.051991530143186214,-0.01291684228287994,double_lane_change,0.7,45.0
nonstationary_adaptive_technical_course,217.97569444444446,3.4744394848786735,0.0339111761858663,-0.008816457689442501,double_lane_change,0.7,45.0
nonstationary_adaptive_technical_course,219.65243055555555,3.5204387249280056,0.02177992129884137,-0.005823643055729708,double_lane_change,0.7,45.0
nonstationary_adaptive_technical_course,221.32916666666668,3.549832145807779,0.013850978924427397,-0.0037686356652092716,double_lane_change,0.7,45.0
nonstationary_adaptive_technical_course,223.00590277777778,3.568465138977125,0.00875343222971632,-0.002407671628701254,double_lane_change,0.7,45.0
nonstationary_adaptive_technical_course,224.6826388888889,3.5802169985091736,0.005509999369988018,-0.0015258603224589725,double_lane_change,0.7,45.0
nonstationary_adaptive_technical_course,226.359375,3.5876050876335692,0.0034597100950254185,-0.0009621281189210025,double_lane_change,0.7,45.0
nonstationary_adaptive_technical_course,228.03611111111113,3.5922404185735437,0.00216898172046631,-0.0006047244495331196,double_lane_change,0.7,45.0
nonstationary_adaptive_technical_course,229.71284722222222,3.595145075388728,0.001358554988981395,-0.0003793056598398959,double_lane_change,0.7,45.0
nonstationary_adaptive_technical_course,231.38958333333335,3.5969639885078735,0.0008505604539600415,-0.00023760127047874635,double_lane_change,0.7,45.0
nonstationary_adaptive_technical_course,233.06631944444445,3.598102694209338,0.0005324706564481732,-0.00014872745065254753,double_lane_change,0.7,45.0
nonstationary_adaptive_technical_course,234.74305555555557,3.598815579808817,0.00033336811798680843,-9.311070432372155e-05,double_lane_change,0.7,45.0
nonstationary_adaptive_technical_course,236.41979166666667,3.5992618540676755,0.0002086173470350762,-5.8434388754437946e-05,double_lane_change,0.7,45.0
nonstationary_adaptive_technical_course,238.0965277777778,3.5995407834640627,0.00013006407507831433,-3.700945047549e-05,double_lane_change,0.7,45.0
nonstationary_adaptive_technical_course,239.7732638888889,3.599713696061712,7.978523411668254e-05,-2.410295131560928e-05,double_lane_change,0.7,45.0
nonstationary_adaptive_technical_course,241.45000000000002,3.5998175282558647,4.607517918157314e-05,-1.6898032563808427e-05,double_lane_change,0.7,45.0
nonstationary_adaptive_technical_course,243.12673611111111,3.5998728881613657,2.0802624522194994e-05,-1.38708030304913e-05,double_lane_change,0.7,45.0
nonstationary_adaptive_technical_course,244.80347222222224,3.599888418283349,-2.4396955389201393e-06,-1.4451147744991325e-05,double_lane_change,0.7,45.0
nonstationary_adaptive_technical_course,246.48020833333334,3.5998624282879628,-2.9799351044584966e-05,-1.889308200701303e-05,double_lane_change,0.7,45.0
nonstationary_adaptive_technical_course,248.15694444444446,3.5997821692772263,-6.856320745288719e-05,-2.8324756029652563e-05,double_lane_change,0.7,45.0
nonstationary_adaptive_technical_course,249.83368055555556,3.5996206070021057,-0.00012879419028894788,-4.4986666693808286e-05,double_lane_change,0.7,45.0
nonstationary_adaptive_technical_course,251.51041666666669,3.5993300130737547,-0.00022555603025182987,-7.270657804966973e-05,double_lane_change,0.7,45.0
nonstationary_adaptive_technical_course,253.18715277777778,3.5988310163813297,-0.00038219683027068425,-0.00011770874289630576,double_lane_change,0.7,45.0
nonstationary_adaptive_technical_course,254.8638888888889,3.5979948015650733,-0.0006353787682195432,-0.00018992170384057934,double_lane_change,0.7,45.0
nonstationary_adaptive_technical_course,256.54062500000003,3.596614717995983,-0.0010428903456716774,-0.00030504178102606634,double_lane_change,0.7,45.0
nonstationary_adaptive_technical_course,258.21736111111113,3.594361408772407,-0.001695808486545142,-0.0004877333403826284,double_lane_change,0.7,45.0
nonstationary_adaptive_technical_course,259.89409722222223,3.5907123378413295,-0.0027373369558431238,-0.0007764901176533158,double_lane_change,0.7,45.0
nonstationary_adaptive_technical_course,261.5708333333333,3.5848418933875577,-0.004391624608081633,-0.0012307779258569102,double_lane_change,0.7,45.0
nonstationary_adaptive_technical_course,263.2475694444445,3.5754518436879326,-0.007006836052741255,-0.0019409103987000351,double_lane_change,0.7,45.0
nonstationary_adaptive_technical_course,264.9243055555556,3.560514381697304,-0.01111685356049978,-0.0030400780341961124,double_lane_change,0.7,45.0
nonstationary_adaptive_technical_course,266.6010416666667,3.536894384612753,-0.01752277354432975,-0.004714599300893047,double_lane_change,0.7,45.0
nonstationary_adaptive_technical_course,268.27777777777777,3.4998234107107127,-0.02738276576360487,-0.0071997124736953065,double_lane_change,0.7,45.0
nonstationary_adaptive_technical_course,269.9545138888889,3.442239432965635,-0.042264233378020474,-0.010729185745059754,double_lane_change,0.7,45.0
nonstationary_adaptive_technical_course,271.63125,3.3541333884646125,-0.06403609576788634,-0.01537612151056701,double_lane_change,0.7,45.0
nonstationary_adaptive_technical_course,273.3079861111111,3.2223328182239257,-0.0943558878192467,-0.02070674612770583,double_lane_change,0.7,45.0
nonstationary_adaptive_technical_course,274.9847222222222,3.0316392103020435,-0.13343207017422126,-0.025284836462536223,double_lane_change,0.7,45.0
nonstationary_adaptive_technical_course,276.66145833333337,2.7686574736881524,-0.17807370353668264,-0.026497020779913245,double_lane_change,0.7,45.0
nonstationary_adaptive_technical_course,278.33819444444447,2.429035140068604,-0.2202303492914839,-0.021629449833946324,double_lane_change,0.7,45.0
nonstationary_adaptive_technical_course,280.01493055555557,2.025796141579667,-0.24848157855491432,-0.01020633429666482,double_lane_change,0.7,45.0
nonstationary_adaptive_technical_course,281.69166666666666,1.592091776509002,-0.253415430529919,0.004668934683586134,double_lane_change,0.7,45.0
nonstationary_adaptive_technical_course,283.3684027777778,1.1723422718823175,-0.23334647574381273,0.017870447011713253,double_lane_change,0.7,45.0
nonstationary_adaptive_technical_course,285.0451388888889,0.8055273147665972,-0.1952222609311444,0.025466377515318564,double_lane_change,0.7,45.0
nonstationary_adaptive_technical_course,286.721875,0.5129506545881735,-0.14988224206992187,0.02691726066287876,double_lane_change,0.7,45.0
nonstationary_adaptive_technical_course,288.3986111111111,0.29776322011185574,-0.10610238531077616,0.02446472301784782,double_lane_change,0.7,45.0
nonstationary_adaptive_technical_course,290.07534722222226,0.15231733149611007,-0.0679927478249413,0.020785593819176856,double_lane_change,0.7,45.0
nonstationary_adaptive_technical_course,291.75208333333336,0.06584640025250914,-0.035997169084291486,0.017440332456714017,double_lane_change,0.7,45.0
nonstationary_adaptive_technical_course,293.42881944444446,0.028689501027611364,-0.009058435575222568,0.01478347006292641,double_lane_change,0.7,45.0
nonstationary_adaptive_technical_course,295.10555555555555,0.03319987677766685,0.01380521211272595,0.012514203500255025,double_lane_change,0.7,45.0
nonstationary_adaptive_technical_course,296.7822916666667,0.07289381480735484,0.03288562304474536,0.010198692892618065,speed_up_chicane,0.6997316278106,45.033546523675
nonstationary_adaptive_technical_course,298.4590277777778,0.14123633414077835,0.04785770765451103,0.007593595080324068,speed_up_chicane,0.6990620551950792,45.117243100615084
nonstationary_adaptive_technical_course,300.1357638888889,0.2309375423322684,0.058233398658614426,0.004736532562967602,speed_up_chicane,0.6983937223996243,45.20078470004697
nonstationary_adaptive_technical_course,301.8125,0.334008745818468,0.06373856028123039,0.0018308452422691897,speed_up_chicane,0.6977266225624631,45.2841721796921
nonstationary_adaptive_technical_course,303.48923611111115,0.44230488247917266,0.06449669879258736,-0.0008768143744474561,speed_up_chicane,0.6970607488848857,45.36740638938929
nonstationary_adaptive_technical_course,305.16597222222225,0.5482131197032677,0.0610110512026782,-0.003197143896642101,speed_up_chicane,0.6963960946304344,45.450488171195694
nonstationary_adaptive_technical_course,306.84270833333335,0.6451979163361874,0.05402749544476858,-0.005035463156494254,speed_up_chicane,0.6957326531241099,45.533418359486255
nonstationary_adaptive_technical_course,308.51944444444445,0.7280811802064281,0.04437793677009832,-0.006380447266416446,speed_up_chicane,0.6950704177515887,45.61619778105142
nonstationary_adaptive_technical_course,310.1961805555556,0.793079869139691,0.03286353943112238,-0.007272947360402382,speed_up_chicane,0.6944093819584534,45.69882725519333
nonstationary_adaptive_technical_course,311.8729166666667,0.8376888192519634,0.02019261378225593,-0.007775985488819037,speed_up_chicane,0.6937495392494365,45.78130759382043
nonstationary_adaptive_technical_course,313.5496527777778,0.8604975834744643,0.006962103538436283,-0.007954649985926477,speed_up_chicane,0.6930908831876754,45.86363960154056
nonstationary_adaptive_technical_course,315.2263888888889,0.8610019324342969,-0.006335535159274499,-0.007866186891386953,speed_up_chicane,0.6924334073939797,45.945824075752526
nonstationary_adaptive_technical_course,316.90312500000005,0.839440060538594,-0.019295229337355984,-0.007557205427144123,speed_up_chicane,0.6917771055461108,46.02786180673615
nonstationary_adaptive_technical_course,318.57986111111114,0.7966618100466424,-0.031581256843382366,-0.007064673158674243,speed_up_chicane,0.6911219713780719,46.10975357774102
nonstationary_adaptive_technical_course,320.25659722222224,0.7340275458759405,-0.04291258022171637,-0.006418325079420044,speed_up_chicane,0.6904679986794107,46.19150016507366
nonstationary_adaptive_technical_course,321.93333333333334,0.6533288834513196,-0.05305268155860077,-0.0056431591243567515,speed_up_chicane,0.6898151812945323,46.27310233818346
nonstationary_adaptive_technical_course,323.61006944444443,0.556723120877521,-0.06180345481984572,-0.0047614501584469894,speed_up_chicane,0.689163513122023,46.354560859747124
nonstationary_adaptive_technical_course,325.2868055555556,0.4466746772868497,-0.0690021483411432,-0.003794153771105385,speed_up_chicane,0.6885129881139853,46.435876485751834
nonstationary_adaptive_technical_course,326.9635416666667,0.32589878712062487,-0.07452031796226286,-0.0027617761318673197,speed_up_chicane,0.6878636002753828,46.51704996557714
nonstationary_adaptive_technical_course,328.6402777777778,0.19730452809961582,-0.07826393779663882,-0.001684850503993755,speed_up_chicane,0.6872153436633959,46.59808204207551
nonstationary_adaptive_technical_course,330.3170138888889,0.06393574511032696,-0.08017404936457712,-0.0005841535106959585,speed_up_chicane,0.6865682123867868,46.67897345165166
nonstationary_adaptive_technical_course,331.99375000000003,-0.07109045851233121,-0.08022753162173461,0.0005192424370061069,speed_up_chicane,0.6859222006052752,46.7597249243406
nonstationary_adaptive_technical_course,333.67048611111113,-0.2046472113135938,-0.07843771778220025,0.0016040261082975512,speed_up_chicane,0.6852773025289234,46.84033718388457
nonstationary_adaptive_technical_course,335.34722222222223,-0.3336623789867553,-0.07485467055182668,0.002648794378659849,speed_up_chicane,0.6846335124175308,46.92081094780865
nonstationary_adaptive_technical_course,337.0239583333333,-0.4551828037941291,-0.0695649688845958,0.0036322922272558466,speed_up_chicane,0.6839908245800377,47.00114692749529
nonstationary_adaptive_technical_course,338.7006944444445,-0.566436833999414,-0.06269087465483929,0.0045337574844083696,speed_up_chicane,0.6833492333739383,47.08134582825771
nonstationary_adaptive_technical_course,340.3774305555556,-0.6648936478971982,-0.054388754724428286,0.005333377479175771,speed_up_chicane,0.682708733204703,47.16140834941213
nonstationary_adaptive_technical_course,342.0541666666667,-0.7483179093619483,-0.04484664801111697,0.006012849865219841,speed_up_chicane,0.6820693185252089,47.24133518434889
nonstationary_adaptive_technical_course,343.73090277777777,-0.814818387030148,-0.03428089879599244,0.006556018959487175,speed_up_chicane,0.6814309838351796,47.321127020602546
nonstationary_adaptive_technical_course,345.4076388888889,-0.8628893120048398,-0.0229318309443663,0.0069495373770438506,speed_up_chicane,0.6807937236806332,47.40078453992086
nonstationary_adaptive_technical_course,347.084375,-0.8914434277830118,-0.011058510445987602,0.007183486495886619,speed_up_chicane,0.680157532653338,47.480308418332754
nonstationary_adaptive_technical_course,348.7611111111111,-0.8998358918410099,0.0010672731413050847,0.007251883497222261,speed_up_chicane,0.679522405390278,47.55969932621526
nonstationary_adaptive_technical_course,350.4378472222222,-0.887878413403445,0.013167595478207568,0.0071530104231148145,speed_up_chicane,0.6788883365731245,47.63895792835943
nonstationary_adaptive_technical_course,352.11458333333337,-0.8558432497565436,0.024965282949260703,0.006889521629964925,speed_up_chicane,0.6782553209277173,47.71808488403532
nonstationary_adaptive_technical_course,353.79131944444447,-0.8044569280303138,0.036190788773575164,0.006468316402707277,speed_up_chicane,0.6776233532235526,47.79708084705592
nonstationary_adaptive_technical_course,355.46805555555557,-0.7348838050383576,0.04658875778278468,0.005900196842241729,speed_up_chicane,0.676992428273278,47.875946465840244
nonstationary_adaptive_technical_course,357.14479166666666,-0.6486998192006128,0.05592401802359471,0.005199360060057677,speed_up_chicane,0.6763625409321973,47.95468238347534
nonstationary_adaptive_technical_course,358.8215277777778,-0.5478570207349932,0.0639868050546624,0.004382792005893518,speed_up_chicane,0.6757336860977792,48.033289237777595
nonstationary_adaptive_technical_course,360.4982638888889,-0.43463968445480483,0.07059710651729856,0.0034696346191019547,speed_up_chicane,0.6751058587091769,48.11176766135287
nonstationary_adaptive_technical_course,362.175,-0.31161300928771574,0.07560809471160468,0.00248058856721724,speed_up_chicane,0.6744790537467517,48.19011828165605
nonstationary_adaptive_technical_course,363.8517361111111,-0.18156558611798226,0.0789086795635347,0.001437393866172595,speed_up_chicane,0.6738532662316047,48.268341721049424
nonstationary_adaptive_technical_course,365.52847222222226,-0.04744696732410172,0.08042525395832477,0.0003624051074487894,speed_up_chicane,0.6732284912251162,48.34643859686048
nonstationary_adaptive_technical_course,367.20520833333336,0.0876982054535252,0.08012271417867078,-0.0007217476668270493,speed_up_chicane,0.6726047238284906,48.424409521438676
nonstationary_adaptive_technical_course,368.88194444444446,0.22079796662287038,0.07800482225424121,-0.0017924424945750296,speed_up_chicane,0.6719819591823082,48.502255102211485
nonstationary_adaptive_technical_course,370.55868055555555,0.34882107722105765,0.0741139415298558,-0.002827336441478436,speed_up_chicane,0.671360192466083,48.57997594173962
nonstationary_adaptive_technical_course,372.2354166666667,0.4688437288841103,0.06853013239693581,-0.0038046696978305886,speed_up_chicane,0.6707394188978288,48.6575726377714
nonstationary_adaptive_technical_course,373.9121527777778,0.5781132828653698,0.06136955462251776,-0.0047036401634063295,speed_up_chicane,0.6701196337336285,48.73504578329644
nonstationary_adaptive_technical_course,375.5888888888889,0.674107481153947,0.05278209927807049,-0.005504866734572212,speed_up_chicane,0.6695008322672121,48.81239596659849
nonstationary_adaptive_technical_course,377.265625,0.7545876716581832,0.04294817929421421,-0.006190931115933118,speed_up_chicane,0.6688830098295396,48.88962377130755
nonstationary_adaptive_technical_course,378.94236111111115,0.8176447576666569,0.032074653506951364,-0.006746952988999832,speed_up_chicane,0.6682661617883897,48.96672977645128
nonstationary_adaptive_technical_course,380.61909722222225,0.861736836982951,0.02038995206934932,-0.007161115437481419,speed_up_chicane,0.6676502835479551,49.043714556505606
nonstationary_adaptive_technical_course,382.29583333333335,0.88571787552583,0.008138614496245556,-0.007425021579002567,speed_up_chicane,0.6670353705484424,49.120578681444705
nonstationary_adaptive_technical_course,383.97256944444445,0.8888573161387155,-0.004424358073510421,-0.007533736529632216,speed_up_chicane,0.6664214182656785,49.1973227167902
nonstationary_adaptive_technical_course,385.6493055555556,0.8708513151619169,-0.017038714815307002,-0.007485364098650518,speed_up_chicane,0.6658084222107226,49.27394722365968
nonstationary_adaptive_technical_course,387.3260416666667,0.8318273609906844,-0.029442908161061845,-0.007280050788167783,speed_up_chicane,0.6651963779294825,49.35045275881468
nonstationary_adaptive_technical_course,389.0027777777778,0.772345288948851,-0.04137589193649824,-0.006918447823549694,speed_up_chicane,0.664585281002338,49.42683987470775
nonstationary_adaptive_technical_course,390.6795138888889,0.6933988374619678,-0.05257613725009411,-0.006399959303801177,speed_up_chicane,0.6639751270437676,49.50310911952905
nonstationary_adaptive_technical_course,392.35625000000005,0.5964221052506646,-0.06277816053261778,-0.005721593138747124,speed_up_chicane,0.663365911701982,49.579261037252266
nonstationary_adaptive_technical_course,394.03298611111114,0.48330322880674226,-0.07170869027348908,-0.004878774221518605,speed_up_chicane,0.6627576306585613,49.65529616767984
nonstationary_adaptive_technical_course,395.70972222222224,0.3564018305896838,-0.0790870869780561,-0.0038695789268418817,speed_up_chicane,0.6621502796280987,49.73121504648766
nonstationary_adaptive_technical_course,397.38645833333334,0.21855713917825237,-0.08463634378884818,-0.002702675186243862,speed_up_chicane,0.6615438543578478,49.80701820526903
nonstationary_adaptive_technical_course,399.0631944444445,0.0730636410436126,-0.08810924826920663,-0.0014063876018107296,speed_up_chicane,0.6609383506273749,49.88270617157815
nonstationary_adaptive_technical_course,400.7399305555556,-0.07641122226489168,-0.08932704124184386,-3.318122177201459e-05,speed_up_chicane,0.6603337642482168,49.95827946897291
nonstationary_adaptive_technical_course,402.4166666666667,-0.22629668532607672,-0.08863010180458691,0.0013715695733686232,low_friction_patch,0.659437609820387,48.01874633932044
nonstationary_adaptive_technical_course,404.0934027777778,-0.3726976692272418,-0.08517711837637665,0.002712660551808394,low_friction_patch,0.6581810966699043,48.06063011100319
nonstationary_adaptive_technical_course,405.77013888888894,-0.5114233052192219,-0.07958064345257233,0.003912720789540851,low_friction_patch,0.6569256775896815,48.102477413677285
nonstationary_adaptive_technical_course,407.44687500000003,-0.6390861262688865,-0.07211367775948543,0.004937888986976336,low_friction_patch,0.6556713497268014,48.14428834243996
nonstationary_adaptive_technical_course,409.12361111111113,-0.7528008909858364,-0.06307994477229348,0.005783578202773088,low_friction_patch,0.6544181102407239,48.18606299197587
nonstationary_adaptive_technical_course,410.80034722222223,-0.8501980987990486,-0.052774433914723765,0.006461318953656733,low_friction_patch,0.6531659563032116,48.22780145655961
nonstationary_adaptive_technical_course,412.4770833333334,-0.9293897509936682,-0.04146791679610096,0.006985270660103815,low_friction_patch,0.651914885098255,48.26950383005816
nonstationary_adaptive_technical_course,414.1538194444445,-0.9889255557484488,-0.029409979433260264,0.007364445141904125,low_friction_patch,0.6506648938219981,48.3111702059334
nonstationary_adaptive_technical_course,415.8305555555556,-1.0277624691387865,-0.016839891972310672,0.007601043956902101,low_friction_patch,0.6494159796826658,48.352800677244474
nonstationary_adaptive_technical_course,417.5072916666667,-1.0452534899834978,-0.003996924069149354,0.007692420418098316,low_friction_patch,0.648168139900491,48.3943953366503
nonstationary_adaptive_technical_course,419.1840277777778,-1.041151252298535,0.008873729168176418,0.007634103235902643,low_friction_patch,0.6469213717076423,48.43595427641192
nonstationary_adaptive_technical_course,420.8607638888889,-1.0156186350714131,0.021519784212522555,0.007422371979321094,low_friction_patch,0.6456756723481519,48.47747758839493
nonstationary_adaptive_technical_course,422.5375,-0.9692394899327544,0.033684204377158335,0.007055849696336284,low_friction_patch,0.6444310390778457,48.51896536407181
nonstationary_adaptive_technical_course,424.2142361111111,-0.9030249592825305,0.045109412858777634,0.006536129048425801,low_friction_patch,0.6431874691642717,48.560417694524276
nonstationary_adaptive_technical_course,425.8909722222223,-0.8184131956159305,0.05554201063935723,0.0058676643049941695,low_friction_patch,0.6419449598866304,48.601834670445655
nonstationary_adaptive_technical_course,427.56770833333337,-0.7172620373425408,0.06473705549451139,0.005057208646764721,low_friction_patch,0.6407035085357055,48.64321638214315
nonstationary_adaptive_technical_course,429.24444444444447,-0.601835268171944,0.07246139591433037,0.004113068361439095,low_friction_patch,0.6394631124137945,48.684562919540184
nonstationary_adaptive_technical_course,430.92118055555557,-0.4747835429311974,0.07849596923404145,0.003044439078253689,low_friction_patch,0.6382237688346414,48.72587437217862
nonstationary_adaptive_technical_course,432.59791666666666,-0.3391209244665084,0.08263739941194526,0.0018611077967344433,low_friction_patch,0.636985475123367,48.767150829221094
nonstationary_adaptive_technical_course,434.2746527777778,-0.1981971696096257,0.08469972094869621,0.0005738555847880454,low_friction_patch,0.6357482286164037,48.80839237945321
nonstationary_adaptive_technical_course,435.9513888888889,-0.0556642534060285,0.08451766184450062,-0.000804028331608905,low_friction_patch,0.6345120266614263,48.84959911128579
nonstationary_adaptive_technical_course,437.628125,0.08456709626495904,0.0819536514404332,-0.002253647704562998,low_friction_patch,0.6332768666172883,48.89077111275705
nonstationary_adaptive_technical_course,439.3048611111111,0.2183890186622708,0.07691148006408051,-0.0037453906496900512,low_friction_patch,0.6320427458539537,48.931908471534875
nonstationary_adaptive_technical_course,440.98159722222226,0.34158942358246397,0.06935999516041867,-0.005231739560130336,low_friction_patch,0.630809661752433,48.9730112749189
nonstationary_adaptive_technical_course,442.65833333333336,0.4499942777828863,0.05936964789251583,-0.006638879782765771,low_friction_patch,0.6295776117047185,49.014079609842724
nonstationary_adaptive_technical_course,444.33506944444446,0.5396798355375684,0.04716190502568886,-0.007859808407748262,low_friction_patch,0.6283465931137182,49.05511356287606
nonstationary_adaptive_technical_course,446.01180555555555,0.6072707740453438,0.03316514839680883,-0.008754181509887144,low_friction_patch,0.6271166033931945,49.09611322022685
nonstationary_adaptive_technical_course,447.6885416666667,0.6503224289684771,0.018060355825185406,-0.00916211226629358,low_friction_patch,0.625887639967699,49.13707866774337
nonstationary_adaptive_technical_course,449.3652777777778,0.667749742369886,0.0027885054287930793,-0.00893769400199816,low_friction_patch,0.62465970027251,49.17800999091634
nonstationary_adaptive_technical_course,451.0420138888889,0.6602154407005487,-0.011512645663656776,-0.00800002588649839,low_friction_patch,0.6234327817535701,49.218907274881
nonstationary_adaptive_technical_course,452.71875,0.630344247986376,-0.023660850436029793,-0.006385585390625956,low_friction_patch,0.6222068818674247,49.259770604419174
nonstationary_adaptive_technical_course,454.39548611111115,0.5826232984562526,-0.032652280281979675,-0.004274301983500763,low_friction_patch,0.6209819980811591,49.30060006396137
nonstationary_adaptive_technical_course,456.07222222222225,0.5229138372140766,-0.037890245714304764,-0.0019654375343776415,low_friction_patch,0.61975812787234,49.34139573758866
nonstationary_adaptive_technical_course,457.74895833333335,0.45763245882973386,-0.03933035974573644,0.0001971368709839854,low_friction_patch,0.6185352687289514,49.382157709034956
nonstationary_adaptive_technical_course,459.42569444444445,0.39280229599892735,-0.03747646083509949,0.0019207024042372936,low_friction_patch,0.617313418149338,49.422886061688736
nonstationary_adaptive_technical_course,461.1024305555556,0.33323929024320487,-0.03322723302725312,0.0030370565273599693,low_friction_patch,0.6160925736421424,49.46358087859525
nonstationary_adaptive_technical_course,462.7791666666667,0.28208010435199526,-0.027640326519880618,0.0035238090168432795,low_friction_patch,0.6148727327262488,49.504242242458375
nonstationary_adaptive_technical_course,464.4559027777778,0.24071331904642893,-0.021706229772945628,0.0034746147569478586,low_friction_patch,0.6136538929307211,49.54487023564263
nonstationary_adaptive_technical_course,466.1326388888889,0.20903307532427903,-0.01619863745320342,0.0030439597106982044,low_friction_patch,0.6124360517947471,49.58546494017509
nonstationary_adaptive_technical_course,467.80937500000005,0.1858638638333821,-0.011617691039632604,0.002396364318597384,low_friction_patch,0.611219206867579,49.62602643774737
nonstationary_adaptive_technical_course,469.48611111111114,0.1694170795156933,-0.008201036673222768,0.0016778337352137795,low_friction_patch,0.6100033557084766,49.66655480971744
nonstationary_adaptive_technical_course,471.16284722222224,0.15770040085782014,-0.0059612073835504445,0.0010121587523812287,low_friction_patch,0.6087884958866498,49.707050137111665
nonstationary_adaptive_technical_course,472.83958333333334,0.14886857819067517,-0.0047132025481187,0.0005142414532765099,low_friction_patch,0.6075746249812021,49.7475125006266
nonstationary_adaptive_technical_course,474.5163194444445,0.14154997004267234,-0.004075415892088218,0.0003053035726299746,low_friction_patch,0.6063617405810735,49.78794198063088
nonstationary_adaptive_technical_course,476.1930555555556,0.13518570670502603,-0.003460333832595137,0.0005045285632820709,low_friction_patch,0.605149840284987,49.8283386571671
nonstationary_adaptive_technical_course,477.8697916666667,0.13034915807900935,-0.0021241490417379847,0.001161167894958842,low_friction_patch,0.6039389217013899,49.86870260995367
nonstationary_adaptive_technical_course,479.5465277777778,0.1288507969803592,0.0006064168162787788,0.0021156732532187405,low_friction_patch,0.6027289824484012,49.90903391838662
nonstationary_adaptive_technical_course,481.22326388888894,0.13326273120735424,0.004878531904139251,0.002899186943348729,low_friction_patch,0.6015200201537558,49.949332661541476
nonstationary_adaptive_technical_course,482.90000000000003,0.14564290802212124,0.009894927434741557,0.002918869832358556,low_friction_patch,0.6003120324547508,49.98959891817498
nonstationary_adaptive_technical_course,484.57673611111113,0.16584753987693587,0.014139880567274905,0.002141465672241399,online_adaptation_2,0.6,45.0
nonstationary_adaptive_technical_course,486.25347222222223,0.19174786906921554,0.016239438254154834,0.0003300807108287021,online_adaptation_2,0.6,45.0
nonstationary_adaptive_technical_course,487.9302083333334,0.21863540335261872,0.01538157667621087,-0.0012615306007551959,online_adaptation_2,0.6,45.0
nonstationary_adaptive_technical_course,489.6069444444445,0.24212922198831996,0.012372053489153403,-0.002220500117419936,online_adaptation_2,0.6,45.0
nonstationary_adaptive_technical_course,491.2836805555556,0.2595053842048246,0.008236345008786823,-0.0026428098764786955,online_adaptation_2,0.6,45.0
nonstationary_adaptive_technical_course,492.9604166666667,0.2695201786911949,0.0036763336161333058,-0.002762562320757678,online_adaptation_2,0.6,45.0
nonstationary_adaptive_technical_course,494.6371527777778,0.2717994633480808,-0.0009517172364017409,-0.0027425769116921138,online_adaptation_2,0.6,45.0
nonstationary_adaptive_technical_course,496.3138888888889,0.2663836706844257,-0.00548312499508169,-0.002653299417251121,online_adaptation_2,0.6,45.0
nonstationary_adaptive_technical_course,497.990625,0.25351983912613346,-0.009820944744615714,-0.002512057377232076,online_adaptation_2,0.6,45.0
nonstationary_adaptive_technical_course,499.6673611111111,0.23360506822161972,-0.013877497168097762,-0.002316773472900274,online_adaptation_2,0.6,45.0
nonstationary_adaptive_technical_course,501.3440972222223,0.20718861141469216,-0.01755826952284117,-0.002063164768973807,online_adaptation_2,0.6,45.0
nonstationary_adaptive_technical_course,503.02083333333337,0.17498276269542964,-0.020764497885472116,-0.0017509753984079385,online_adaptation_2,0.6,45.0
nonstationary_adaptive_technical_course,504.69756944444447,0.1378635886974598,-0.023401281496403425,-0.0013850869866969327,online_adaptation_2,0.6,45.0
nonstationary_adaptive_technical_course,506.37430555555557,0.09685757594934341,-0.025385715926625817,-0.0009747737384156106,online_adaptation_2,0.6,45.0
nonstationary_adaptive_technical_course,508.0510416666667,0.053115914818521154,-0.02665330134192671,-0.0005325154696816366,online_adaptation_2,0.6,45.0
nonstationary_adaptive_technical_course,509.7277777777778,0.00787962135802277,-0.02716236791985637,-7.285497369149275e-05,online_adaptation_2,0.6,45.0
nonstationary_adaptive_technical_course,511.4045138888889,-0.037561302407408424,-0.02689670153251703,0.00038859759869725255,online_adaptation_2,0.6,45.0
nonstationary_adaptive_technical_course,513.0812500000001,-0.08191181819779732,-0.0258665979446581,0.0008360357343638557,online_adaptation_2,0.6,45.0
nonstationary_adaptive_technical_course,514.7579861111111,-0.1239163875001125,-0.024108528335065445,0.0012542218756696106,online_adaptation_2,0.6,45.0
nonstationary_adaptive_technical_course,516.4347222222223,-0.16240189038602557,-0.021683649721354357,0.001629050053592526,online_adaptation_2,0.6,45.0
nonstationary_adaptive_technical_course,518.1114583333334,-0.19631738361943354,-0.01867578743564556,0.0019474895220665432,online_adaptation_2,0.6,45.0
nonstationary_adaptive_technical_course,519.7881944444445,-0.22477110178448734,-0.015190770343041787,0.002195726986277901,online_adaptation_2,0.6,45.0
nonstationary_adaptive_technical_course,521.4649305555556,-0.24707058985274952,-0.01136221491576994,0.0023526545380837876,online_adaptation_2,0.6,45.0
nonstationary_adaptive_technical_course,523.1416666666667,-0.2627856863980751,-0.007375991739383015,0.002372804256334455,online_adaptation_2,0.6,45.0
nonstationary_adaptive_technical_course,524.8184027777778,-0.271884611805779,-0.003538505003966037,0.0021495459772910256,online_adaptation_2,0.6,45.0
nonstationary_adaptive_technical_course,526.495138888889,-0.2750480181653526,-0.0004274389141582118,0.001454577089033827,online_adaptation_2,0.6,45.0
nonstationary_adaptive_technical_course,528.171875,-0.274323569428068,0.000856038938277928,-0.00010968235820271476,online_adaptation_2,0.6,45.0
nonstationary_adaptive_technical_course,529.8486111111112,-0.2742224326705029,-0.0015454835163535641,-0.0030061555023866925,online_adaptation_2,0.6,45.0
nonstationary_adaptive_technical_course,531.5253472222223,-0.2829180248577021,-0.010040696274984334,-0.007329532541928616,online_adaptation_2,0.6,45.0
nonstationary_adaptive_technical_course,533.2020833333333,-0.3123807037211083,-0.02649125177808095,-0.012275993731904555,online_adaptation_2,0.6,45.0
nonstationary_adaptive_technical_course,534.8788194444445,-0.37619024691709146,-0.05073411198771685,-0.016358094246340354,final_evasive_maneuver,0.6023190258897893,44.969079654802805
nonstationary_adaptive_technical_course,536.5555555555555,-0.4856958412134633,-0.08027259701641422,-0.018397851722656712,final_evasive_maneuver,0.6048367992039317,44.93550934394757
nonstationary_adaptive_technical_course,538.2322916666667,-0.6468376911744893,-0.11120008716995819,-0.017868021741491283,final_evasive_maneuver,0.607356454896837,44.901913934708844
nonstationary_adaptive_technical_course,539.9090277777779,-0.8584793622401791,-0.13896911577630128,-0.014510006805248346,final_evasive_maneuver,0.6098779971968328,44.86829337070889
nonstationary_adaptive_technical_course,541.5857638888889,-1.1114179687759351,-0.1587436715191808,-0.008406008334594098,final_evasive_maneuver,0.6124014303481007,44.83464759535866
nonstationary_adaptive_technical_course,543.2625,-1.3884347357210884,-0.16648520285533203,-0.0005564413017827456,final_evasive_maneuver,0.6149267586107595,44.800976551856536
nonstationary_adaptive_technical_course,544.9392361111111,-1.667122448160019,-0.16073330785234466,0.007115602895476321,final_evasive_maneuver,0.6174539862609477,44.76728018318737
nonstationary_adaptive_technical_course,546.6159722222222,-1.9255681265960902,-0.14355690216546435,0.012659314503777335,final_evasive_maneuver,0.6199831175909116,44.733558432121185
nonstationary_adaptive_technical_course,548.2927083333334,-2.1480819402526805,-0.11962033631469708,0.015123054898723226,final_evasive_maneuver,0.6225141569090856,44.69981124121219
nonstationary_adaptive_technical_course,549.9694444444444,-2.327818960976957,-0.09404078738291437,0.014831374609875648,final_evasive_maneuver,0.6250471085401814,44.66603855279757
nonstationary_adaptive_technical_course,551.6461805555556,-2.4656889713998327,-0.07060464514053365,0.012841963056016946,final_evasive_maneuver,0.6275819768252728,44.63224030899636
nonstationary_adaptive_technical_course,553.3229166666667,-2.5673136964781085,-0.05120155309188886,0.010226259051814965,final_evasive_maneuver,0.6301187661218823,44.59841645170823
nonstationary_adaptive_technical_course,554.9996527777778,-2.640043515730791,-0.03620722251810924,0.007692577962521598,final_evasive_maneuver,0.6326574808040692,44.56456692261241
nonstationary_adaptive_technical_course,556.6763888888889,-2.6910017475798083,-0.02515226109728043,0.005567343007035922,final_evasive_maneuver,0.6351981252625182,44.53069166316642
nonstationary_adaptive_technical_course,558.353125,-2.7261772279073626,-0.01725815927699326,0.003925478532855465,final_evasive_maneuver,0.6377407039046243,44.496790614605004
nonstationary_adaptive_technical_course,560.0298611111111,-2.7502087814319673,-0.011741732740251268,0.002719679225036871,final_evasive_maneuver,0.6402852211545889,44.462863717938816
nonstationary_adaptive_technical_course,561.7065972222223,-2.7665110481284794,-0.007942518741279771,0.0018622715414381027,final_evasive_maneuver,0.6428316814535018,44.4289109139533
nonstationary_adaptive_technical_course,563.3833333333333,-2.777516483266655,-0.00535129434724395,0.001265273315912057,final_evasive_maneuver,0.645380089259436,44.39493214320752
nonstationary_adaptive_technical_course,565.0600694444445,-2.784921042966689,-0.0035952632280275665,0.0008553310081618872,final_evasive_maneuver,0.6479304490475406,44.360927346032796
nonstationary_adaptive_technical_course,566.7368055555556,-2.7898904136582976,-0.0024100305299458833,0.0005764746592809694,final_evasive_maneuver,0.6504827653101268,44.32689646253164
nonstationary_adaptive_technical_course,568.4135416666667,-2.793218065999838,-0.001611777762510961,0.0003880715479576996,final_evasive_maneuver,0.6530370425567655,44.29283943257646
nonstationary_adaptive_technical_course,570.0902777777778,-2.7954403379054136,-0.001074272030125858,0.0002615102209508502,final_evasive_maneuver,0.6555932853143775,44.2587561958083
nonstationary_adaptive_technical_course,571.7670138888889,-2.7969176314237942,-0.0007114162778881102,0.0001770509157202437,final_evasive_maneuver,0.6581514981273264,44.22464669163565
nonstationary_adaptive_technical_course,573.44375,-2.7978905074083693,-0.0004645928183585493,0.00012129001619586211,final_evasive_maneuver,0.6607116855575166,44.190510859233115
nonstationary_adaptive_technical_course,575.1204861111112,-2.7985178087499687,-0.00029370289188407795,8.527799495582097e-05,final_evasive_maneuver,0.6632738521844839,44.15634863754022
nonstationary_adaptive_technical_course,576.7972222222222,-2.7989021301715895,-0.0001708794198606149,6.319290169694259e-05,final_evasive_maneuver,0.6658380026054935,44.12215996526009
nonstationary_adaptive_technical_course,578.4739583333334,-2.7991063935651077,-7.604381120793068e-05,5.144802166295311e-05,final_evasive_maneuver,0.6684041414356363,44.08794478085818
nonstationary_adaptive_technical_course,580.1506944444445,-2.799164062035397,6.331044057809943e-06,4.813071474418064e-05,final_evasive_maneuver,0.6709722733079255,44.053703022560995
nonstationary_adaptive_technical_course,581.8274305555556,-2.7990845874105195,8.974139931062369e-05,5.26995508416161e-05,final_evasive_maneuver,0.6735424028733914,44.01943462835478
nonstationary_adaptive_technical_course,583.5041666666667,-2.798854952477021,0.0001878506613792233,6.589788734490557e-05,final_evasive_maneuver,0.6761145348011856,43.98513953598419
nonstationary_adaptive_technical_course,585.1809027777778,-2.7984375537847392,0.000316713330101609,8.987156456842778e-05,final_evasive_maneuver,0.6786886737786739,43.95081768295101
nonstationary_adaptive_technical_course,586.8576388888889,-2.797764090278155,0.0004973768974520801,0.0001285072205185451,final_evasive_maneuver,0.6812648245115397,43.916469006512806
nonstationary_adaptive_technical_course,588.5343750000001,-2.7967244958193627,0.0007592660763347923,0.00018803739607816856,final_evasive_maneuver,0.6838429917238831,43.882093443681555
nonstationary_adaptive_technical_course,590.2111111111111,-2.7951491962591395,0.0011448570742613729,0.0002779896381526428,final_evasive_maneuver,0.6864231801583229,43.84769093122236
nonstationary_adaptive_technical_course,591.8878472222223,-2.7927819974594335,0.0017163043238415073,0.0004125858860277639,final_evasive_maneuver,0.6890053945760961,43.81326140565205
nonstationary_adaptive_technical_course,593.5645833333334,-2.78923964034027,0.0025648761588982568,0.0006127127477979058,final_evasive_maneuver,0.6915896397571626,43.77880480323783
nonstationary_adaptive_technical_course,595.2413194444445,-2.7839524591270033,0.0038242401904985505,0.0009085481606741514,final_evasive_maneuver,0.6941759205003082,43.74432105999589
nonstationary_adaptive_technical_course,596.9180555555556,-2.776078763424037,0.0056886721944124615,0.0013427637562728094,final_evasive_maneuver,0.6967642416232477,43.70981011169003
nonstationary_adaptive_technical_course,598.5947916666667,-2.7643840304154605,0.008436797473190604,0.0019737500116691104,final_evasive_maneuver,0.69935460796273,43.67527189383027
nonstationary_adaptive_technical_course,600.2715277777778,-2.747076115633828,0.01245974847889916,0.0028771940822407663,final_evasive_maneuver,0.7019470243746437,43.64070634167142
nonstationary_adaptive_technical_course,601.948263888889,-2.7215926563050967,0.01828813402415847,0.004142019877648523,final_evasive_maneuver,0.7045414957341227,43.606113390211696
nonstationary_adaptive_technical_course,603.625,-2.684353116367542,0.02660243552347621,0.005852558662435546,final_evasive_maneuver,0.7071380269356543,43.57149297419127
nonstationary_adaptive_technical_course,605.3017361111112,-2.630526690713467,0.03819336242318348,0.008043195275864655,final_evasive_maneuver,0.7097366228931853,43.536845028090866
nonstationary_adaptive_technical_course,606.9784722222223,-2.553942988193939,0.0538125765991139,0.01060918167013739,final_evasive_maneuver,0.712337288540233,43.50216948613023
nonstationary_adaptive_technical_course,608.6552083333333,-2.4473901427231546,0.07383514452361284,0.01317291086508333,final_evasive_maneuver,0.7149400288299914,43.467466282266784
nonstationary_adaptive_technical_course,610.3319444444445,-2.303662460553805,0.09769340664246841,0.014965668845937767,final_evasive_maneuver,0.7175448487354432,43.43273535019409
nonstationary_adaptive_technical_course,612.0086805555555,-2.1176827275614674,0.12322340050192254,0.014892740934488098,final_evasive_maneuver,0.7201517532494699,43.3979766233404
nonstationary_adaptive_technical_course,613.6854166666667,-1.889557037613938,0.14640103340225305,0.011981358917482046,final_evasive_maneuver,0.7227607473849654,43.36319003486713
nonstationary_adaptive_technical_course,615.3621527777779,-1.6273930001736268,0.1621303921052261,0.006128008637274783,final_evasive_maneuver,0.725371836174945,43.328375517667396
nonstationary_adaptive_technical_course,617.0388888888889,-1.3477575446373944,0.16621620561393757,-0.0014410745261348938,final_evasive_maneuver,0.7279850246726609,43.29353300436453
nonstationary_adaptive_technical_course,618.715625,-1.0722350125033049,0.15747536442524726,-0.008594353775973146,final_evasive_maneuver,0.730600317951717,43.25866242731044
nonstationary_adaptive_technical_course,620.3923611111112,-0.8211878994544733,0.1383925440825755,-0.013426823810725722,final_evasive_maneuver,0.7332177211061817,43.22376371858425
nonstationary_adaptive_technical_course,622.0690972222222,-0.6082275778726675,0.11377190648317055,-0.015209890547969703,final_evasive_maneuver,0.7358372392507042,43.18883680999061
nonstationary_adaptive_technical_course,623.7458333333334,-0.43826303430832364,0.08848835658729344,-0.014455706270220728,final_evasive_maneuver,0.7384588775206334,43.153881633058226
nonstationary_adaptive_technical_course,625.4225694444444,-0.30909573585438,0.06589891069526677,-0.012261351185591312,final_evasive_maneuver,0.7410826410721313,43.11889811903825
nonstationary_adaptive_technical_course,627.0993055555556,-0.2145391732966312,0.04750910496453144,-0.009629425945202386,final_evasive_maneuver,0.7437085350822965,43.08388619890271
nonstationary_adaptive_technical_course,628.7760416666667,-0.14719935854851235,0.03345869087236847,-0.007176420574777438,final_evasive_maneuver,0.7463365647492775,43.04884580334297
nonstationary_adaptive_technical_course,630.4527777777778,-0.10017727518875152,0.02317865086556311,-0.005161633929984486,final_evasive_maneuver,0.7489667352923964,43.013776862768054
nonstationary_adaptive_technical_course,632.1295138888889,-0.06779229559829061,0.01587521885693606,-0.0036245421847481453,exit_recovery,0.7514224387587755,42.91465367447347
nonstationary_adaptive_technical_course,633.8062500000001,-0.04569941342306591,0.010788665768107405,-0.002504461995217816,exit_recovery,0.7537705779318966,42.773765324086206
nonstationary_adaptive_technical_course,635.4829861111111,-0.03072543010807086,0.007293218799957881,-0.0017118843701623213,exit_recovery,0.7561264770143776,42.632411379137345
nonstationary_adaptive_technical_course,637.1597222222223,-0.02062112562250764,0.004912695001336409,-0.0011616716782909186,exit_recovery,0.7584902134511643,42.49058719293014
nonstationary_adaptive_technical_course,638.8364583333333,-0.013823116323922508,0.0033012346568472477,-0.0007844806454079362,exit_recovery,0.7608618659840228,42.34828804095863
nonstationary_adaptive_technical_course,640.5131944444445,-0.009258689535319964,0.0022147862555629435,-0.0005280422828765221,exit_recovery,0.7632415146821472,42.205509119071166
nonstationary_adaptive_technical_course,642.1899305555556,-0.006198094760977826,0.0014842839701869996,-0.0003546583174423151,exit_recovery,0.7656292409736999,42.06224554157801
nonstationary_adaptive_technical_course,643.8666666666667,-0.0041477205300865065,0.0009940016506645038,-0.00023785890572949702,exit_recovery,0.7680251276783241,41.918492339300556
nonstationary_adaptive_technical_course,645.5434027777778,-0.002774951108437249,0.0006653440106363913,-0.00015936972882205747,exit_recovery,0.7704292590406634,41.7742444575602
nonstationary_adaptive_technical_course,647.2201388888889,-0.0018562249895952873,0.0004452092757688183,-0.00010671106191708869,exit_recovery,0.7728417207649244,41.62949675410454
nonstationary_adaptive_technical_course,648.896875,-0.0012415341556048724,0.00029784319703505976,-7.142066900542212e-05,exit_recovery,0.7752626000505285,41.48424399696829
nonstationary_adaptive_technical_course,650.5736111111112,-0.0008303384256583372,0.0001992268956456199,-4.7787234788979676e-05,exit_recovery,0.7776919856288866,41.338480862266806
nonstationary_adaptive_technical_course,652.2503472222222,-0.0005553035736875561,0.00013324961999516125,-3.196798794337468e-05,exit_recovery,0.7801299678013482,41.1922019319191
nonstationary_adaptive_technical_course,653.9270833333334,-0.0003713570442448418,8.91160069097908e-05,-2.1382680180454508e-05,exit_recovery,0.7825766384783684,41.04540169129789
nonstationary_adaptive_technical_course,655.6038194444445,-0.0002483381329265916,5.9597295225372474e-05,-1.4301156289616957e-05,exit_recovery,0.7850320912199364,40.89807452680382
nonstationary_adaptive_technical_course,657.2805555555556,-0.0001660691012039276,3.985517652371937e-05,-9.564337008465747e-06,exit_recovery,0.7874964212773224,40.750214723360656
nonstationary_adaptive_technical_course,658.9572916666667,-0.00011105293249708157,2.665228619150018e-05,-6.3961946915181955e-06,exit_recovery,0.7899697256361935,40.60181646182839
nonstationary_adaptive_technical_course,660.6340277777778,-7.426230072334805e-05,1.7822907140920998e-05,-4.2773734178641705e-06,exit_recovery,0.7924521030611498,40.45287381633102
nonstationary_adaptive_technical_course,662.3107638888889,-4.965978995500109e-05,1.1918424215875073e-05,-2.8603889917222906e-06,exit_recovery,0.7949436541417455,40.303380751495276
nonstationary_adaptive_technical_course,663.9875000000001,-3.3207799052070715e-05,7.9699685134305e-06,-1.912792979381452e-06,exit_recovery,0.7974444813400496,40.15333111959703
nonstationary_adaptive_technical_course,665.6642361111111,-2.220621094508601e-05,5.329576260931284e-06,-1.2791087255503408e-06,exit_recovery,0.7999546890398125,40.002718657611254
nonstationary_adaptive_technical_course,667.3409722222223,-1.4849378059245132e-05,3.563917363876182e-06,-8.553516383905225e-07,exit_recovery,0.8,40.0
nonstationary_adaptive_technical_course,669.0177083333334,-9.92982717087365e-06,2.3832072637518918e-06,-5.719794415831126e-07,exit_recovery,0.8,40.0
nonstationary_adaptive_technical_course,670.6944444444445,-6.640103703636768e-06,1.593659356478905e-06,-3.824856209518751e-07,exit_recovery,0.8,40.0
