time,x,y,vx,speed_kmh,speed_target_kmh,e_y,e_y_mm,abs_e_y_mm,e_psi,v_y,yaw_rate,delta,delta_deg,curvature,residual_e_y,residual_e_psi,residual_v_y,residual_yaw_rate,segment_name,is_training_zone,is_online_adaptation_zone,is_maneuver_zone,alpha_FL,slip_ratio_FL,Fx_FL,Fy_FL,Fz_FL,steering_angle_FL,alpha_FR,slip_ratio_FR,Fx_FR,Fy_FR,Fz_FR,steering_angle_FR,alpha_RR,slip_ratio_RR,Fx_RR,Fy_RR,Fz_RR,steering_angle_RR,alpha_RL,slip_ratio_RL,Fx_RL,Fy_RL,Fz_RL,steering_angle_RL,alpha_front_mean,alpha_rear_mean,alpha_front_diff,alpha_rear_diff,Fy_front_sum,Fy_rear_sum,Fz_front_sum,Fz_rear_sum,steering_angle_front_mean,mu_current
0.0,0.47349864364133754,0.005019417647066267,9.432581578806426,33.957293683703135,34.0,0.0,0.0,0.0,0.0,0.0,0.0,0.00818990792382156,0.46924715863572597,0.0021974437865449883,0.0001951256593378475,-0.0007118956441774122,0.0017694150988260167,0.007231156817415494,initial_edmd_training,True,False,False,-0.002012928563657085,-0.33288213111484055,-5700.29499437882,228.36769838215343,6000.310520398758,0.008208400329982095,-0.001996654093178633,-0.31941458081828217,-5803.844096824187,226.60076958651032,6109.309575604408,0.008171498650256785,0.0001231651201715189,-0.22292095257549074,-3891.4393852634994,-14.146811233135562,4096.251984487894,0.0,0.00012357656657476903,-0.21669188520796556,-3794.5282420349095,-14.193571170307363,3994.240254773589,0.0,-0.002004791328417859,0.00012337084337314398,-1.6274470478452353e-05,4.1144640325013293e-07,454.96846796866373,-28.340382403442923,12109.620096003166,8090.4922392614835,0.00818994949011944,0.95
0.05,0.9475578557314926,0.011868657421400511,9.518027288723276,34.2648982394038,34.0,0.0005134565133590364,0.5134565133590364,0.5134565133590364,-0.0013725805989910356,0.019311185053287785,0.02048020908247138,0.017005674504166512,0.9743533768619701,0.004781423262625638,0.0004596854352944134,0.0005026568902526825,-0.0001463833812510168,0.012064945034039681,initial_edmd_training,True,False,False,-0.0042796381226607345,0.07361603512949,5681.213361041276,478.08626681224735,5980.224590569764,0.017085593030084768,-0.004217017039935747,0.02941003692423049,5912.638225776237,471.8217234840057,6223.829711343407,0.01692650007035206,-0.0009841406753550946,0.016173279585079383,3744.1142239458773,112.09262682178607,4134.365001728348,0.0,-0.0009916116462423401,0.023755016757061615,3640.174153796714,112.84872989651754,3831.762267154436,0.0,-0.004248327581298241,-0.0009878761607987174,-6.262108272498713e-05,-7.470970887245472e-06,949.907990296253,224.9413567183036,12204.054301913171,7966.127268882784,0.017006046550218416,0.95
0.1,1.420475335659254,0.020081419369066343,9.419183480451803,33.909060529626494,34.0,0.001779007644781953,1.7790076447819532,1.7790076447819532,-0.001669440806400857,0.04402288882901025,0.04782443052504107,0.015121256976004808,0.8663842056578295,0.005102254022588824,-3.6384066483779835e-05,-9.15910009178008e-05,-0.002425965695980109,-0.002269242758539798,initial_edmd_training,True,False,False,-0.0037994601437595713,-0.2943926154859865,-5623.3707569210055,425.7208691814159,5919.337638864216,0.015184413509414508,-0.003759053192925965,-0.2919934984104125,-5911.953572654181,421.8420644849108,6223.109023846507,0.015058623600868503,-0.002332630795656063,-0.22106881435825584,-3981.5856677952393,262.27375181723517,4191.142808205515,0.0,-0.002350258309398094,-0.20357801372198128,-3723.5795041786637,263.7934145905857,3919.557372819646,0.0,-0.003779256668342768,-0.0023414445525270786,-4.040695083360607e-05,-1.762751374203078e-05,847.5629336663267,526.0671664078209,12142.446662710723,8110.700181025161,0.015121518555141506,0.95
0.15000000000000002,1.8940730883465335,0.029994001788333023,9.510342542862489,34.23723315430496,34.0,0.0032810858447885195,3.2810858447885196,3.2810858447885196,-0.0019179462552512128,0.04750552113113862,0.04161208699961124,0.016513301665244083,0.9461424912448402,0.005286900459180797,0.00040807134764997074,0.0001512558368143473,0.006901717407065765,0.004787049577000511,initial_edmd_training,True,False,False,-0.004149488327762411,0.0456505287090733,5689.766752485405,463.97765446924194,5989.228160510953,0.016588649520917913,-0.004097432297945045,0.06422162209291324,5975.079891966576,458.929089574741,6289.557781017448,0.0164386351332439,-0.001973422421525979,0.027042514882010447,3889.441185295516,222.55852893123634,4094.148616100543,0.0,-0.0019890880400707644,0.03314503996973077,3615.7520971764766,223.9555822024902,3806.0548391331336,0.0,-0.004123460312853728,-0.0019812552307983716,-5.205602981736557e-05,-1.566561854478548e-05,922.9067440439829,446.51411113372654,12278.7859415284,7900.203455233677,0.016513642327080906,0.95
0.2,2.3666237884868306,0.04121447929632234,9.41548979169319,33.895763250095484,34.0,0.005290620409342863,5.290620409342862,5.290620409342862,-0.0021094868465501015,0.062039224449805155,0.04884608657467963,0.014024064634200091,0.8035197151583439,0.005308741466804211,0.00025934173981506485,-9.529963247377395e-05,0.008430306143666674,-0.0030820109658096922,initial_edmd_training,True,False,False,-0.0031204569051085,-0.32411857985817316,-5728.6944837899155,351.4128231257932,6030.204719778859,0.01407837258106758,-0.003093732401100198,-0.3177847615782334,-5933.846982449249,348.71713027665874,6246.15471836763,0.01397017404074459,-0.0026385591548045116,-0.2134778963103129,-3919.4174627579355,295.67188145540797,4125.702592376774,0.0,-0.002658325748348982,-0.19550761753044074,-3727.7380798308927,297.42738688027526,3923.934820874624,0.0,-0.0031070946531043487,-0.002648442451576747,-2.6724504008302213e-05,-1.9766593544470572e-05,700.129953402452,593.0992683356833,12276.35943814649,8049.637413251398,0.014024273310906086,0.95
0.25,2.8399807563451165,0.053653658959516536,9.505627048701275,34.22025737532459,34.0,0.007441131099812048,7.441131099812048,7.441131099812048,-0.0024327027541337642,0.06475662928486804,0.04066110212525903,0.012766785708216793,0.7314829390287599,0.005151099538295724,0.0004667712258069785,2.9550944387449034e-05,0.01384776737260085,0.0004964791161356716,initial_edmd_training,True,False,False,-0.0026944956328325527,0.0237239357768501,5492.091132340798,304.39908165396986,6124.191732860643,0.012811777457994625,-0.0026701883012506694,0.03796706642908904,5941.155452443124,301.8123562060707,6253.847844676973,0.012722108835108843,-0.0016910492177153193,0.03457703471243149,3764.0219422081,191.14091395376056,3962.128360219053,0.0,-0.0017020457696504013,0.04007250284639773,3695.196976698754,192.29974241485354,3889.6810281039516,0.0,-0.0026823419670416113,-0.0016965474936828603,-2.4307331581883366e-05,-1.0996551935081936e-05,606.2114378600406,383.4406563686141,12378.039577537616,7851.809388323005,0.012766943146551734,0.95
0.30000000000000004,3.312249626251089,0.06685267771548238,9.410948287542091,33.87941383515153,34.0,0.009643991335476379,9.643991335476379,9.643991335476379,-0.002839175134941474,0.06943733983442596,0.03943646727156014,0.010107871387615158,0.5791383703713916,0.004810409250370393,0.00036721288324060956,-7.033816525194372e-05,0.013390423706098616,-0.003973790027885182,initial_edmd_training,True,False,False,-0.0016820454818190155,-0.33295078420279894,-5869.110345232655,191.3180995449023,6178.010889718585,0.010136053879667765,-0.0016721408991469651,-0.34204538802615714,-5861.559909764619,190.20120037883945,6170.063062910126,0.010079845174092387,-0.0015480280492354663,-0.195866379297664,-3805.587223029959,175.2618499652079,4005.8812873999573,0.0,-0.0015565539641970356,-0.19651792664167136,-3809.2006038210798,176.21454493397235,4009.6848461274526,0.0,-0.0016770931904829902,-0.001552291006716251,-9.904582672050398e-06,-8.525914961569295e-06,381.51929992374176,351.47639489918026,12348.07395262871,8015.56613352741,0.010107949526880076,0.95
0.35000000000000003,3.7850813247598167,0.08053988029809539,9.496009447480603,34.18563401093017,34.0,0.011558080551380254,11.558080551380254,11.558080551380254,-0.0033495013693980447,0.06574265173346305,0.030777399572887897,0.00824869866461083,0.47261561995739876,0.004299983564123507,0.0003612177429378853,-6.679503153468776e-05,0.013884617931165681,-0.0026016764864507658,initial_edmd_training,True,False,False,-0.0009485539453844826,0.024284853922896074,5621.943683150441,108.41866655908305,6265.021382312091,0.00826745781482313,-0.0009431741867306636,0.0798956229143711,5859.016551093572,107.79712043895996,6167.385843256392,0.008230024450087012,-0.0006737096474568186,0.04750836843574484,3638.680073969935,76.92803162780393,3830.1895515473,0.0,-0.0006766732854892062,0.04292689813549026,3790.513140512104,77.2861360189397,3990.0138321180048,0.0,-0.0009458640660575731,-0.0006751914664730125,-5.379758653819037e-06,-2.9636380323875893e-06,216.21578699804303,154.21416764674365,12432.407225568484,7820.2033836653045,0.008248741132455072,0.95
0.4,4.25685217212496,0.09440763115902356,9.401549063875965,33.84557662995348,34.0,0.012987894701878545,12.987894701878545,12.987894701878545,-0.003957298449794866,0.061070819877592955,0.025803137383057693,0.006566518486763153,0.3762337953861606,0.003643912634930391,0.00030259563730731555,5.9563354199072306e-05,0.010437099851292944,-0.002325400979863071,initial_edmd_training,True,False,False,-0.00035894126121970206,-0.3391822935546241,-5966.493695158662,41.183127638287736,6280.519679114382,0.0065784011798536,-0.0003575833036644178,-0.2967338716255121,-5775.180223495213,41.02455584486502,6079.137077363383,0.006554678643533396,-0.0003389990229433131,-0.17674270073289958,-3714.5393118069233,38.84866324254921,3910.041380849393,0.0,-0.00034022246142762695,-0.19955825899612029,-3887.5624428260903,38.99447417982149,4092.1709924485162,0.0,-0.0003582622824420599,-0.00033961074218547005,-1.3579575552842582e-06,-1.2234384843138658e-06,82.20768348315275,77.84313742237069,12359.656756477765,8002.212373297909,0.006566539911693498,0.95
0.45,4.7294611291426385,0.10822828796730312,9.489362375793576,34.161704552856875,34.0,0.013814961665226189,13.814961665226189,13.814961665226189,-0.0043831420767164175,0.052241463417016326,0.02146634206181015,0.004662427177146643,0.26713739953759685,0.0028807559956765226,0.00016133254673137386,5.9530613821814904e-05,0.0073502650860420154,-0.0008727794052958739,initial_edmd_training,True,False,False,0.00043149579642093143,0.021756220302015534,5036.564999916596,-49.4854574958125,6320.837823195646,0.004668414655296805,0.0004286518733971035,0.049063946829816664,5774.386397722349,-49.15482722179582,6078.301471286683,0.004656455037700541,-0.0001909726503428094,0.06045477513503035,3605.6512438637687,21.91729568540642,3795.422361961862,0.0,-0.00019152861117435323,0.044447314702659425,3863.4820406922468,21.983960573288734,4066.823200728681,0.0,0.00043007383490901746,-0.0001912506307585813,2.843923023827929e-06,-5.559608315438419e-07,-98.64028471760832,43.901256258695156,12399.13929448233,7862.245562690543,0.004662434846498673,0.95
0.5,5.200906883703401,0.12183674909072668,9.39509021740037,33.82232478264133,34.0,0.013929782789946667,13.929782789946668,13.929782789946668,-0.004678251353275709,0.04102527332893546,0.0176341679035631,0.0034887531889654134,0.19989083349052517,0.002049686101947723,0.00010240903752399381,0.0001045171100894516,0.0034813742761213157,-0.0014564188701434982,initial_edmd_training,True,False,False,0.0005437524615848315,-0.3053121378532383,-5974.645477867112,-62.31363810328528,6289.100503018013,0.0034921045508623048,0.0005420959981309601,-0.32235328778128625,-5720.075671192727,-62.11484260681042,6021.132285466028,0.003485408253458305,0.0002656595606075452,-0.16401125589484994,-3690.4930318004035,-30.466625133020106,3884.72950715832,0.0,0.0002662105258224165,-0.20001314356039473,-3928.133455043309,-30.534748657478872,4134.87732109822,0.0,0.0005429242298578958,0.0002659350432149809,1.6564634538714703e-06,5.509652148712857e-07,-124.4284807100957,-61.001373790498974,12310.232788484042,8019.606828256539,0.003488756402160305,0.95
0.55,5.673210427324646,0.13513199579997573,9.483904615893687,34.14205661721727,34.0,0.013410112323372017,13.410112323372017,13.410112323372017,-0.004743560857020768,0.029558003075068295,0.01312700944036606,0.0021505686763205953,0.12321850870620613,0.00119727585866406,-5.6485707165003854e-05,6.192325803537364e-05,-0.00019046017161880244,-0.0045572749731592685,initial_edmd_training,True,False,False,0.0009474435992608608,0.05465766378511776,5982.2308835928325,-108.29590282665487,6297.0851406240345,0.0021518416768018405,0.0009449557977928889,0.021715015123446774,5027.026001077928,-107.98582475591631,6044.004631913117,0.0021492971811263163,0.00014297279052274313,0.07092296046456022,3626.6860764497287,-16.41703669306392,3817.5642909997146,0.0,0.00014320531390206982,0.047647119403286906,3859.7735787857146,-16.445199943641338,4062.9195566165417,0.0,0.0009461996985268748,0.0001430890522124065,2.4878014679719776e-06,2.32523379326688e-07,-216.2817275825712,-32.86223663670526,12341.08977253715,7880.483847616257,0.0021505694289640784,0.95
0.6000000000000001,6.144399926490989,0.14809812724967475,9.38967722738554,33.80283801858795,34.0,0.012284605046540593,12.284605046540593,12.284605046540593,-0.004671172228198905,0.017737041322083178,0.005449988265462436,0.0018965572326492524,0.10866472503581313,0.00035939004024184996,-5.0570436591259454e-05,0.00023580219885011456,-0.003338568689411049,0.0012211059101567851,initial_edmd_training,True,False,False,0.0005912268603968727,-0.3300870293482462,-5917.77204571545,-67.73103909525092,6229.233732332053,0.0018975472062831005,0.0005905467034566107,-0.30458037968725443,-5722.641643766738,-67.64458326261104,6023.8333092281455,0.0018955682914382952,0.0005441131271801378,-0.15765168864615337,-3722.836957899718,-62.22309715843135,3918.775745157598,0.0,0.000544695096056318,-0.19381099636551125,-3909.3809361235844,-62.305978302647475,4115.13782749851,0.0,0.0005908867819267418,0.000544404111618228,6.801569402619745e-07,5.819688761802807e-07,-135.37562235786197,-124.52907546107883,12253.067041560198,8033.913572656108,0.001896557748860698,0.95
0.65,6.6164742966021,0.16067523187034474,9.481579166254537,34.13368499851634,34.0,0.010783321741193763,10.783321741193763,10.783321741193763,-0.0043073570925580285,0.008946823962913403,0.007422191892426816,0.00024115539904718403,0.013817186572196839,-0.0004280308323768086,-0.00023018450623337773,8.818579227287595e-05,-0.005688672439256942,-0.0017268855720602007,initial_edmd_training,True,False,False,0.0008891054230545694,0.02608657158352421,5922.488998086975,-101.65987354753871,6234.19894535471,0.00024117139788326986,0.0008884960461900367,0.04140507890106868,5763.212105411149,-101.5744228585352,6066.539058327526,0.00024113940233362003,9.822857862573315e-05,0.07838149633414586,3675.613583552759,-11.284718213552193,3869.066930055536,0.0,9.828434985169233e-05,0.05435793804135206,3808.894303437464,-11.291523892716658,4009.3624246710147,0.0,0.000888800734622303,9.825646423871274e-05,6.093768645326842e-07,5.577122595917892e-08,-203.2342964060739,-22.57624210626885,12300.738003682236,7878.429354726551,0.00024115540010844494,0.95
0.7000000000000001,7.087339388000134,0.17294839361209532,9.381672259197973,33.77402013311271,34.0,0.008960334630150642,8.960334630150642,8.960334630150642,-0.0037587373732335116,-0.0014152508083167662,0.0017875195808084528,-0.0001150982191428819,-0.006594642186358993,-0.0011445842665833248,-0.00013481021715265606,0.00023316044439021478,-0.006060068337687323,0.001350291304960757,initial_edmd_training,True,False,False,0.0007213764377117007,-0.282980153255971,-5858.582403246383,-82.56735392787,6166.928845522509,-0.0001150945750531445,0.0007212123548005419,-0.3297374815100755,-5762.339817452037,-82.54214583568793,6065.6208604758285,-0.00011510186346338274,9.234135629220923e-05,-0.15430038144121044,-3767.941647118899,-10.609282982656882,3966.254365388315,0.0,9.236746483885361e-05,-0.18247023817155067,-3865.6345879863657,-10.612531931399177,4069.089039985648,0.0,0.0007212943962561213,9.235441056553142e-05,1.6408291115882143e-07,2.610854664438617e-08,-165.10949976355795,-21.22181491405606,12232.549705998337,8035.343405373963,-0.00011509821925826362,0.95
0.75,7.559009701684339,0.1848810694810841,9.472907914117181,34.102468490821856,34.0,0.0071230972136127274,7.123097213612727,7.123097213612727,-0.002937190413366153,-0.007147793060628677,0.0016613316473273088,-0.0016784011435383855,-0.09616530185468057,-0.0017725542942854508,-0.0002619008663395164,4.9587174452925004e-05,-0.00667773281139627,-0.0015368865998294495,initial_edmd_training,True,False,False,0.000720547933266967,0.07021287820738466,5879.0422991888345,-82.47432797749379,6188.46557809351,-0.0016776265813985528,0.0007215498292381566,0.025436524160876158,5811.286263131159,-82.58392786023904,6117.143434874904,-0.0016791764212404007,8.299536704621741e-05,0.08504244923824449,3708.383395902458,-9.536281203097792,3903.5614693710086,0.0,8.294787794073902e-05,0.06407758370753215,3751.3103794718268,-9.53092286058395,3948.747767865081,0.0,0.0007210488812525618,8.297162249347822e-05,-1.0018959711896418e-06,-4.748910547838954e-08,-165.05825583773282,-19.067204063681743,12305.609012968414,7852.30923723609,-0.0016784015013194768,0.95
0.8,8.029497967680612,0.1964774712121581,9.373949676467127,33.74621883528166,34.0,0.005314136444774712,5.314136444774713,5.314136444774713,-0.0021007611901513457,-0.013875182780393703,-0.004216535850278471,-0.0021928813379680856,-0.1256428456385724,-0.002308402388011172,-0.00018646616660049527,3.451053621962531e-05,-0.005478827753320866,-0.0005230767634314256,initial_edmd_training,True,False,False,0.00046525998946834486,-0.30862474262611567,-5834.29425727035,-53.3415091357752,6141.362376074053,-0.002191559332425448,0.00046581747213518646,-0.2896695408506235,-5811.963885220796,-53.40459941993874,6117.856721285049,-0.002194204939407048,0.00047020714775364183,-0.1494177709621086,-3793.6295420858887,-53.81731281092861,3993.2942548272513,0.0,0.00046963907328874605,-0.16956925083623092,-3821.171542798965,-53.754444691412864,4022.2858345252266,0.0,0.00046553873080176566,0.00046992311052119394,-5.574826668415956e-07,-5.680744648957825e-07,-106.74610855571393,-107.57175750234148,12259.219097359102,8015.580089352477,-0.002192882135916248,0.95
0.8500000000000001,8.500812953063612,0.20775479046933457,9.465700364608656,34.07652131259116,34.0,0.00371370471159868,3.7137047115986803,3.7137047115986803,-0.00123751971897601,-0.016609139778090802,-0.006504373399000994,-0.003162717470473846,-0.18121036285044292,-0.0027504307395916977,-0.00020080081889930265,6.317984107264926e-05,-0.005336436762567896,-0.0006205086282218657,initial_edmd_training,True,False,False,0.0006006058566601008,0.044134858208710666,5863.032767513904,-68.79881083224998,6171.61343948832,-0.0031599682644993894,0.0006022448711198188,0.06364758553856581,5855.606904247337,-68.98547321093041,6163.796741312987,-0.0031654714642746183,0.00018107329771803988,0.09189464143161306,3729.732837091877,-20.784700487026946,3926.034565359871,0.0,0.0001808003199709633,0.07458031296902652,3722.018074578761,-20.753344709497984,3917.9137627144855,0.0,0.0006014253638899598,0.0001809368088445016,-1.639014459718039e-06,-2.729777470765807e-07,-137.78428404318038,-41.53804519652493,12335.410180801307,7843.948328074357,-0.003162719864387004,0.95
0.9,8.971144609477971,0.21863308474277798,9.371377112542133,33.73695760515168,34.0,0.0023804445481245182,2.380444548124518,2.380444548124518,-0.00027022518392749717,-0.019657312891017124,-0.009100670504682787,-0.004320063502457803,-0.24752140591933644,-0.0031060410676390124,-0.00017765334453072237,1.2850354710274839e-05,-0.003957264127678592,-0.000835484071110797,initial_edmd_training,True,False,False,0.0007512471449671995,-0.3338532781711049,-5829.770224660777,-85.96737560756868,6136.600236485028,-0.004314935746210153,0.0007539824934159593,-0.31421444857050324,-5833.954826835435,-86.27914245999709,6141.005080879405,-0.0043252034605113015,0.0002706079996410493,-0.14417197112926947,-3811.6697368635455,-31.035305925691308,4012.2839335405743,0.0,0.00027003723248567,-0.1592521265688734,-3812.2226360482714,-30.97003630897004,4012.8659326823913,0.0,0.0007526148191915793,0.00027032261606335965,-2.7353484487597753e-06,-5.707671553793455e-07,-172.24651806756577,-62.00534223466135,12277.605317364432,8025.149866222966,-0.004320069603360727,0.95
0.9500000000000001,9.442310131475907,0.22911275990250843,9.461804932199334,34.062497755917605,34.0,0.001361354512220505,1.3613545122205049,1.3613545122205049,0.0006864631430851809,-0.02206314725588752,-0.01232041539047956,-0.005275961554007329,-0.30229032991790306,-0.0033824734563117653,-0.00015239528056433668,2.0815229354788183e-05,-0.0033138611843139647,-0.0009720562882514876,initial_edmd_training,True,False,False,0.0009487585392340053,0.039878069711763116,5864.056825998865,-108.43197657252122,6172.691395788279,-0.005268315541846821,0.0009532122403403609,0.04041539521092296,5862.999272228578,-108.93768178062163,6171.57818129324,-0.0052836297918399154,0.00023962045900480713,0.09883774263430463,3742.240160623635,-27.488770680630555,3939.2001690775105,0.0,0.00023901949108622419,0.08358539293786454,3742.594743689553,-27.420004162913013,3939.573414410056,0.0,0.0009509853897871831,0.00023931997504551567,-4.453701106355663e-06,-6.009679185829447e-07,-217.36965835314285,-54.90877484354357,12344.269577081519,7878.773583487567,-0.005275972666843368,0.95
1.0,9.912464002816385,0.2390447740991135,9.367350600562807,33.722462162026105,34.0,0.0006721212970721383,0.6721212970721383,0.6721212970721383,0.0016195393567275396,-0.024346717683434792,-0.01519190691662127,-0.006583241137464573,-0.37719193269362344,-0.003591049879042444,-0.00016531794965474439,-4.254290163512118e-05,-0.002349750393743022,-0.00132791184601053,initial_edmd_training,True,False,False,0.0011406153931104229,-0.33801016815130375,-5842.185547064847,-130.1915781244789,6149.668996910365,-0.006571340968990694,0.0011466061458673782,-0.3376169496553779,-5825.213309849163,-130.86733926027657,6131.803484051751,-0.006595184483996086,0.0005266790787699353,-0.13722580194524797,-3813.5235520355523,-60.24800890884049,4014.2353179321603,0.0,0.000524953333219235,-0.1526133101418391,-3830.6590680203803,-60.0530604838198,4032.272703179348,0.0,0.0011436107694889005,0.0005258162059945851,-5.990752756955282e-06,-1.7257455507003333e-06,-261.05891738475543,-120.30106939266028,12281.472480962117,8046.508021111508,-0.00658326272649339,0.95
1.05,10.383208037168924,0.2483965285088568,9.449600528337545,34.018561902015165,34.0,0.00025331071946957926,0.2533107194695793,0.2533107194695793,0.002447786669570462,-0.027090049715896843,-0.01886025836447358,-0.007432175589983839,-0.42583229390622657,-0.0037416098615941267,-0.00014401974729827567,-2.9458450063440077e-05,-0.0024372558414865186,-0.0016696321647716172,initial_edmd_training,True,False,False,0.0013767738624258015,0.08427341115465421,5878.969177050649,-156.9120040216008,6188.388607421736,-0.007417011981269069,0.0013850295468077535,0.07639976039078153,5848.9185398446425,-157.83704367126987,6156.756357731203,-0.007447401326633861,0.0005981670608040357,0.10801535729347511,3729.9279649241407,-68.36720487567936,3926.239963078043,0.0,0.000595983105926702,0.0922092841975317,3765.99415534667,-68.12312683215424,3964.2043740491267,0.0,0.0013809017046167776,0.0005970750833653688,-8.255684381951916e-06,-2.183954877333673e-06,-314.7490476928707,-136.4903317078336,12345.14496515294,7890.44433712717,-0.007432206653951464,0.95
1.1,10.852772736956553,0.2570042463921211,9.354988747430664,33.67795949075039,34.0,6.952549826193592e-05,0.06952549826193592,0.06952549826193592,0.003187658175175301,-0.03000949584635887,-0.021904294544456394,-0.008674356588663425,-0.4970040225219125,-0.0038449609139485047,-0.00018237456496545705,-5.815746449354484e-05,-0.0022414189183737124,-0.0012179768076438884,initial_edmd_training,True,False,False,0.0015859639728011906,-0.29542122848749597,-5872.821716643156,-180.50446839204744,6181.91759646648,-0.008653707816170158,0.0015963304290523728,-0.3021083086808172,-5819.681089924251,-181.65463523291953,6125.980094657107,-0.00869510413519681,0.000881384616764906,-0.12600311907266915,-3785.5501867755547,-100.45730687162096,3984.789670290058,0.0,0.0008775318185808395,-0.14466123159745267,-3834.94893759239,-100.03357446735485,4036.7883553604106,0.0,0.0015911472009267817,0.0008794582176728727,-1.0366456251182168e-05,-3.85279818406652e-06,-362.159103624967,-200.4908813389758,12307.897691123588,8021.578025650469,-0.008674405975683485,0.95
1.1500000000000001,11.323219853790087,0.264827671627447,9.446987504840243,34.009155017424874,34.0,1.4198343062416217e-05,0.014198343062416217,0.014198343062416217,0.003803072891660264,-0.033670283763893805,-0.024785489148167836,-0.009527908614939021,-0.5459089512223437,-0.003910038743794181,-0.00018664589920241233,-6.630867947506752e-05,-0.003213516083362733,-0.002271811297759836,initial_edmd_training,True,False,False,0.0018295240755101785,0.06106408568575258,5906.704216578753,-207.90730971279115,6217.583385872373,-0.009503002217540593,0.0018430607461215913,0.05235515275410558,5843.156549393515,-209.39979914866564,6150.691104624753,-0.009552945905667267,0.0009140742408645556,0.11726865075372349,3695.662320116212,-104.12506073229459,3890.1708632802233,0.0,0.0009097577034209947,0.09956733456853535,3764.4094001178646,-103.65592233356845,3962.536210650384,0.0,0.001836292410815885,0.0009119159721427751,-1.3536670611412728e-05,-4.316537443560878e-06,-417.30710886145675,-207.78098306586304,12368.274490497126,7852.707073930607,-0.00952797406160393,0.95
1.2000000000000002,11.792689117941487,0.2717301985381982,9.352548812524223,33.6691757250872,34.0,2.272637210910408e-05,0.02272637210910408,0.02272637210910408,0.004290076344270144,-0.037995630435921336,-0.02831862423182932,-0.010609704605070778,-0.6078912957510695,-0.00394520129282339,-0.0002253571498111982,-5.6350098369154986e-05,-0.0033602493784149617,-0.000901897229650124,initial_edmd_training,True,False,False,0.0020019585566138794,-0.31919238863306787,-5874.821212105782,-227.2312373156068,6184.022328532403,-0.010578830788329413,0.002017471105589303,-0.32530412865469555,-5795.377036475539,-228.9272094923801,6100.396880500568,-0.010640759150001906,0.0012135025043488287,-0.11607053045538157,-3778.583799587957,-137.84189080781258,3977.456631145218,0.0,0.0012069703765002812,-0.13806797312813304,-3852.3666341801086,-137.14131572832756,4055.122772821167,0.0,0.0020097148311015913,0.0012102364404245548,-1.551254897542379e-05,-6.5321278485475694e-06,-456.1584468079869,-274.98320653614013,12284.41920903297,8032.579403966385,-0.01060979496916566,0.95
1.25,12.26304570660153,0.2776647759362702,9.444583176736261,34.00049943625054,34.0,-3.052341709877442e-06,-0.0030523417098774416,0.0030523417098774416,0.004649387005296823,-0.042305170179092105,-0.03032940898794964,-0.011459535306961493,-0.6565830082700478,-0.003957029068851654,-0.00025172415445299064,-8.022290522833979e-05,-0.004925644331081447,-0.0024282748087013292,initial_edmd_training,True,False,False,0.0022343781855025304,0.037001030288235266,5901.201559238388,-253.24247811159847,6211.791114987777,-0.011423526076476885,0.0022541333323455883,0.02783192808591539,5819.377297212914,-255.39572868057343,6125.660312855699,-0.011495772261817949,0.0011414829866804837,0.12657366317499963,3702.8363289436857,-129.7254702459472,3897.7224515196694,0.0,0.0011349991845112338,0.10700909029370456,3784.4094327581383,-129.03010315614162,3983.5888765875143,0.0,0.0022442557589240596,0.0011382410855958589,-1.9755146843057885e-05,-6.483802169249915e-06,-508.6382067921719,-258.7555734020888,12337.451427843476,7881.311328107184,-0.011459649169147417,0.95
1.3,12.732328231820894,0.28253713432167354,9.347789300598787,33.65204148215564,34.0,-0.00013532098644671942,-0.13532098644671942,0.13532098644671942,0.0048651513963409165,-0.04759462786317427,-0.03405593486072508,-0.01231144944050292,-0.705394092629516,-0.003951032992029025,-0.00028342066439694343,-7.76795298660371e-05,-0.004937550749208319,-0.0008586080515827418,initial_edmd_training,True,False,False,0.0022497523300140493,-0.3420662629193927,-5864.8053262071235,-254.9361537905767,6173.479290744341,-0.012269897256930729,0.0022689310496928072,-0.3179465418777357,-5780.749486452885,-257.02135166452064,6084.99945942409,-0.012353284000164555,0.001563241805836096,-0.10756715035105623,-3783.2198036888726,-176.9404744268227,3982.3366354619716,0.0,0.0015532878459191461,-0.13117252945158808,-3861.9483114372824,-175.88834510009798,4065.20874888135,0.0,0.0022593416898534285,0.001558264825877621,-1.9178719678757897e-05,-9.953959916949792e-06,-511.95750545509736,-352.8288195269207,12258.47875016843,8047.5453843433215,-0.012311590628547642,0.95
1.35,13.202336612363082,0.2863419979233337,9.437026296848886,33.97329466865599,34.0,-0.00044488126150507665,-0.4448812615050767,0.4448812615050767,0.004928045729159614,-0.05174032915993041,-0.03565809445188604,-0.012917088335947308,-0.7400946452474444,-0.003931532529804324,-0.0002918228171781248,-3.086911167862402e-05,-0.00673820829680586,-0.0018315261793309598,initial_edmd_training,True,False,False,0.0024690926740429126,0.04703674902457521,5894.2472844794975,-279.41108334196235,6204.470825767892,-0.012871355256545177,0.002493908555275848,0.035627916373757,5818.3504202048025,-282.1135391122981,6124.5793896892665,-0.012963147543371386,0.0012342631003851203,0.13579961840331456,3701.0810358151775,-140.13354068557769,3895.8747745422925,0.0,0.0012263664036092923,0.11541018849557066,3770.03304462607,-139.28090418641804,3968.455836448495,0.0,0.00248150061465938,0.0012303147519972064,-2.4815881232935228e-05,-7.896696775828082e-06,-561.5246224542605,-279.4144448719957,12329.050215457159,7864.330610990788,-0.012917251399958281,0.95
1.4000000000000001,13.671355675674803,0.2890278344168396,9.342578793993171,33.63328365837542,34.0,-0.0009621664083058745,-0.9621664083058745,0.9621664083058745,0.004927950006809123,-0.056682124628201665,-0.038256826765121744,-0.01363514466580362,-0.7812362424008648,-0.003901748992933729,-0.0003200253853360708,-4.2622625971995565e-05,-0.00640728220360582,-0.0003701910142213313,initial_edmd_training,True,False,False,0.002457181629369158,-0.33195691239628167,-5855.1814955897635,-278.0550320612956,6163.348942726067,-0.013584196038918965,0.002481362700634555,-0.340778269519009,-5787.943464710824,-280.6934221020805,6092.572068116657,-0.013686476881404473,0.0015532715410061675,-0.09882534420369372,-3784.8381443885473,-175.83100159885223,3984.0401519879447,0.0,0.0015424443414224463,-0.12134600736719857,-3848.4674489016043,-174.66994696441228,4051.018367264847,0.0,0.0024692721650018566,0.001547857941214307,-2.4181071265397085e-05,-1.0827199583721223e-05,-558.7484541633761,-350.5009485632645,12255.921010842725,8035.0585192527915,-0.013635336460161719,0.95
1.4500000000000002,14.141067970660972,0.2905969322252225,9.42964767548265,33.94673163173754,34.0,-0.0017302223961829304,-1.7302223961829304,1.7302223961829304,0.004789694211772222,-0.060130929052437505,-0.039366076085894076,-0.013942325787332656,-0.7988364242105738,-0.003864223005009692,-0.00034477534562571107,-9.35512666042906e-05,-0.007785365674406429,-0.00112651787917252,initial_edmd_training,True,False,False,0.002429866880568362,0.02414091795835693,5588.62250735963,-275.03546923989853,6194.265436917432,-0.01388906032942676,0.002454691769404432,0.05595565269470671,5832.293568215684,-277.76021825627413,6139.256387595457,-0.013996001344372214,0.00148436146577833,0.1450322843682031,3708.9856919738045,-168.09630434180988,3904.195465235584,0.0,0.0014737993588729524,0.12493538396919869,3749.8199207795537,-166.94634064570528,3947.1788639784777,0.0,0.0024422793249863966,0.0014790804123256413,-2.4824888836069963e-05,-1.0562106905377547e-05,-552.7956874961726,-335.04264498751513,12333.521824512889,7851.374329214062,-0.013942530836899487,0.95
1.5,14.609729006572607,0.2910959273743047,9.335245753502518,33.606884712609066,34.0,-0.002768254810944213,-2.7682548109442133,2.7682548109442133,0.004513897505917797,-0.06369727542149013,-0.04103592278759717,-0.013990022309151327,-0.8015692336082373,-0.0038205617158513167,-0.0003138768322040429,-1.8346374442126424e-05,-0.00703974494947654,0.00012441505992950158,initial_edmd_training,True,False,False,0.002355193070407953,-0.3355599548702915,-5844.740146464537,-266.68551367957645,6152.3580489100395,-0.013936392511452638,0.002378615743450849,-0.3218470225268942,-5811.903382897877,-269.2722969954058,6117.793034629345,-0.014044066428720178,0.001558128412704241,-0.09056474365376006,-3793.618513937159,-176.3785566937944,3993.2826462496414,0.0,0.0015468741686760381,-0.10974800390935874,-3824.561588292793,-175.1468668923697,4025.8543034660984,0.0,0.002366904406929401,0.0015525012906901395,-2.3422673042896094e-05,-1.1254244028202848e-05,-535.9578106749823,-351.5254235861641,12270.151083539386,8019.136949715739,-0.013990229470086407,0.95
1.55,15.07922062392534,0.29057573263271796,9.425878178112756,33.93316144120592,34.0,-0.0040305102598363046,-4.030510259836305,4.030510259836305,0.004241957861450096,-0.0647125929627804,-0.040871661160266054,-0.013891216151917173,-0.7959080578088142,-0.003772113888405906,-0.0003227019872284421,-1.3748939408460802e-05,-0.008292556903963022,-0.0007316774934929132,initial_edmd_training,True,False,False,0.0023036242270116428,0.035439494465211024,5866.355331654137,-260.9494868700742,6175.110875425408,-0.01383833973281128,0.0023280504772565254,0.03468787840808717,5852.797905863586,-263.6648088972194,6160.839900909038,-0.013944498177191032,0.0012634365063317484,0.15370239540559916,3734.521615826944,-143.41913538929956,3931.075385080994,0.0,0.0012545463082089578,0.13575179071312476,3733.9348245118617,-142.42272514995446,3930.457710012486,0.0,0.0023158373521340843,0.001258991407270353,-2.4426250244882677e-05,-8.890198122790639e-06,-524.6142957672937,-285.841860539254,12335.950776334446,7861.53309509348,-0.013891418955001157,0.95
1.6,15.547693088184465,0.28911315062190973,9.331516514453316,33.59345945203194,34.0,-0.005484421743713786,-5.484421743713786,5.484421743713786,0.0039470901360023625,-0.06619160793598648,-0.04137621632872768,-0.013548916569995378,-0.7762957364356028,-0.003719444655785056,-0.0002876202555327969,2.1063562525291957e-06,-0.006933133494539265,0.000468027485052272,initial_edmd_training,True,False,False,0.0020874252278069516,-0.3416044133715266,-5823.933072155259,-236.7711234967292,6130.455865426588,-0.013498609071901492,0.002107294021896345,-0.3442760399505131,-5833.743726413561,-238.99899455892466,6140.782869909011,-0.013599600426147999,0.001429892171814303,-0.0843415420926148,-3820.4469538339613,-162.08978004693446,4021.523109298907,0.0,0.0014197979001105586,-0.09845852746353068,-3811.286916628595,-160.95635402621824,4011.8809648722054,0.0,0.0020973596248516483,0.0014248450359624306,-1.9868794089393342e-05,-1.0094271703744344e-05,-475.7701180556538,-323.0461340731527,12271.238735335599,8033.404074171112,-0.013549104749024744,0.95
1.6500000000000001,16.01664820538812,0.2868013128656012,9.415761548115013,33.896741573214044,34.0,-0.007061554823525995,-7.061554823525995,7.061554823525995,0.0036511191752444105,-0.0648464522925573,-0.04010264201334743,-0.012884772484517654,-0.7382430833491535,-0.0036631978856038225,-0.0002704604389820661,1.5756578285552707e-05,-0.0076143522342796005,-5.6393267232231203e-05,initial_edmd_training,True,False,False,0.0018501627855634097,0.06575829367815901,5857.202202598693,-210.20301054653604,6165.476002735466,-0.012839267532457926,0.001867230676555687,0.06204213374336722,5887.75321221077,-212.13186740499293,6197.634960221863,-0.012930601123255225,0.0012209094010294807,0.16203157992138906,3744.071897555661,-138.65688125716403,3941.1283132164854,0.0,0.0012127130808323745,0.14705899752776144,3699.504364853015,-137.71695577796382,3894.2151208979108,0.0,0.0018586967310595484,0.0012168112409309275,-1.7067890992277304e-05,-8.19632019710627e-06,-422.33487795152894,-276.37383703512785,12363.11096295733,7835.343434114397,-0.012884934327856576,0.95
1.7000000000000002,16.484606028678247,0.28374455276453997,9.321407008906505,33.557065232063415,34.0,-0.008682909936820716,-8.682909936820716,8.682909936820716,0.003403677095171531,-0.06348037726248354,-0.03882653185827291,-0.012096865459732296,-0.6930993361802429,-0.0036033997156400517,-0.00023004554496235986,2.2838613595255186e-05,-0.005995713398659001,0.0007996857815390432,initial_edmd_training,True,False,False,0.0016485717781318909,-0.3111325670149373,-5811.268770231698,-187.53172564102397,6117.125021296524,-0.012056746701624198,0.001662257581484782,-0.3194049119257551,-5863.51822694858,-189.08995424870034,6172.124449419559,-0.012137252085951962,0.001194470618674238,-0.07679939945790701,-3833.6807326032012,-135.7300912111479,4035.453402740212,0.0,0.0011868505923376801,-0.08508140111180588,-3783.6477939503634,-134.85328019001804,3982.7871515266984,0.0,0.0016554146798083364,0.001190660605505959,-1.3685803352891197e-05,-7.620026336557784e-06,-376.6216798897243,-270.58337140116595,12289.249470716084,8018.24055426691,-0.01209699939378808,0.95
1.75,16.95343321156536,0.2800604882253997,9.413514288982297,33.88865144033627,34.0,-0.010260733439213637,-10.260733439213636,10.260733439213636,0.003223870798184425,-0.05967742427867433,-0.03635255366512955,-0.010993187970913592,-0.629863274127334,-0.003540279811130868,-0.00019742431506608767,4.0373903502506116e-05,-0.0061716776631001655,0.0006399624745303117,initial_edmd_training,True,False,False,0.0013192027236300359,0.04318050001038747,5832.68705324007,-150.39688881737698,6139.670582357969,-0.010960045553844486,0.001328802871909945,0.04065247453259202,5902.2338316459345,-151.4974119170079,6212.877717522037,-0.01102653142852972,0.0010275239811002534,0.16989833317068156,3777.3896524930365,-116.93742280697752,3976.1996342031966,0.0,0.001021496276812387,0.1586778068540794,3696.460951645287,-116.23210053267701,3891.0115280476707,0.0,0.0013240027977699906,0.0010245101289563202,-9.600148279909201e-06,-6.027704287866337e-06,-301.89430073438484,-233.16952333965452,12352.548299880005,7867.211162250867,-0.010993288491187102,0.95
1.8,17.421268437012323,0.2758569322193063,9.319204569081512,33.549136448693446,34.0,-0.011685691541940484,-11.685691541940484,11.685691541940484,0.003156174618217822,-0.0557691609151088,-0.033444462042667,-0.010008150838034696,-0.5734248037497061,-0.003473513236974233,-0.00016230815407194087,2.702456590735012e-05,-0.004433884416749877,0.0008314982268292082,initial_edmd_training,True,False,False,0.0011637523562975768,-0.33214322286914466,-5787.8807159412045,-132.80271454925202,6092.506016780216,-0.0099806741195154,0.001171562477164645,-0.3413277916058072,-5872.585895463886,-133.70204294018998,6181.669363646196,-0.010035779255487298,0.0008860189581441015,-0.071204064662377,-3861.6638722910134,-100.99867279489666,4064.9093392536984,0.0,0.0008812913621353344,-0.07401404444762617,-3780.5281622699563,-100.44557883542308,3979.5033287052174,0.0,0.0011676574167311109,0.000883655160139718,-7.810120867068112e-06,-4.727596008767131e-06,-266.504757489442,-201.44425163031974,12274.175380426412,8044.412667958915,-0.01000822668750135,0.95
1.85,17.889860830886967,0.2712531377504595,9.404762380211158,33.85714456876017,34.0,-0.012873835854242904,-12.873835854242904,12.873835854242904,0.003198582650388637,-0.05032066397854088,-0.030580855895077974,-0.008672222039674845,-0.496881721873703,-0.0034032248134275985,-0.00011196060058196386,5.298518796663203e-05,-0.0040526111497914755,0.0029924549244794325,initial_edmd_training,True,False,False,0.0007067157392991874,0.021446252679636783,4964.8074953359155,-80.89396262096881,6115.876217985291,-0.008651583415913797,0.0007089754734897499,0.05167365863071112,5905.222372994494,-81.1575360008424,6216.023550520521,-0.00869295936457964,0.0009652263496155171,0.17751787375786565,3799.507429510575,-109.92362318974806,3999.4815047479738,0.0,0.0009604971854666108,0.1698037686073252,3698.1658280673987,-109.36114399792437,3892.806134807788,0.0,0.0007078456063944686,0.0009628617675410639,-2.259734190562519e-06,-4.729164148906356e-06,-162.05149862181122,-219.28476718767243,12331.899768505813,7892.287639555761,-0.008672271390246719,0.95
1.9000000000000001,18.35724480697033,0.2663157783129668,9.310354547084996,33.517276369505986,34.0,-0.013710639152175037,-13.710639152175037,13.710639152175037,0.003384595718945338,-0.04459928070682033,-0.024758589281290534,-0.007946546116035765,-0.4553035541549259,-0.0033289773845310753,-0.00011114778488029164,-2.187211488536645e-05,-0.0024718867748396503,-2.268928661421435e-05,initial_edmd_training,True,False,False,0.0008032881708419483,-0.3006289231818402,-5785.874352300862,-91.88739039708132,6090.394055053539,-0.00792921346459611,0.0008079146105842522,-0.33030484490692813,-5881.644838893628,-92.42183624630592,6191.20509357224,-0.007963954707561385,0.0005255485783676056,-0.06300142387790506,-3858.6703253287055,-60.123095314473574,4061.7582371881113,0.0,0.0005233368347449922,-0.062093666234803016,-3766.7628737662067,-59.863780414110266,3965.013551332849,0.0,0.0008056013907131003,0.0005244427065562989,-4.626439742303856e-06,-2.2117436226133658e-06,-184.30922664338723,-119.98687572858384,12281.599148625779,8026.77178852096,-0.007946584086078748,0.95
1.9500000000000002,18.825496890143086,0.2611750797689819,9.402331008083612,33.848391629101,34.0,-0.014162513165539068,-14.16251316553907,14.16251316553907,0.0036964844977003253,-0.039200570446168766,-0.024376560606258608,-0.006402831264581986,-0.36685520839495955,-0.003250900373559855,-1.5737940177023083e-05,6.296778202186451e-05,-0.0018297628477037253,0.0013297874493337011,initial_edmd_training,True,False,False,0.0004268263135686263,0.053604866395903346,5811.84686654603,-48.94697314811538,6117.733543732663,-0.006391573826954483,0.00042780256619801997,0.03085971478002019,5911.219042952139,-49.06093955604085,6222.3358346864625,-0.006414128426936686,0.0005892855682335563,0.186106730473299,3784.9369699578842,-67.36420034587026,3984.1441789030364,0.0,0.0005871613758318032,0.18133628474935926,3685.4312826155447,-67.11202209786119,3879.401350121626,0.0,0.00042731443988332316,0.0005882234720326798,-9.762526293936673e-07,-2.1241924017531078e-06,-98.00791270415624,-134.47622244373144,12340.069378419124,7863.545529024663,-0.006402851126945585,0.95
2.0,19.2926820393836,0.25581081213866363,9.304363298197066,33.49570787350944,34.0,-0.014097227506927,-14.097227506927,14.097227506927,0.004140830575122045,-0.03261407014112842,-0.019892218624575658,-0.006007009048658847,-0.3441762659850477,-0.003168469651984219,-6.884844466454633e-05,-4.731421757522055e-05,-0.0008580342791265801,-0.0012221518364429161,initial_edmd_training,True,False,False,0.00024908980441578016,-0.3212187841323613,-5783.4662168517925,-28.598060987685432,6087.859175633466,-0.005997099361994398,0.00024828227391603255,-0.30449315343305616,-5869.282457463358,-28.50618712710563,6178.192060487745,-0.006016951538929001,0.0007643875725479252,-0.053423006676609104,-3859.4229267847463,-87.2388873139776,4062.5504492471014,0.0,0.0007616499626688814,-0.05161227698303685,-3775.879180857199,-86.91422970384953,3974.60966406021,0.0,0.00024868603916590633,0.0007630187676084033,8.075304997476134e-07,-2.7376098790438032e-06,-57.10424811479106,-174.15311701782713,12266.051236121211,8037.160113307311,-0.006007025450461699,0.95
2.0500000000000003,19.760628911351343,0.2503059555187476,9.396332475336072,33.82679691120986,34.0,-0.013574961004046537,-13.574961004046537,13.574961004046537,0.004619048331065301,-0.027991850109426165,-0.019941159906635232,-0.004773303770635815,-0.27349016039131413,-0.0030818660976731967,3.3680220392991525e-05,6.463601728236984e-05,-0.00025141308969041376,0.0012953053549497589,initial_edmd_training,True,False,False,0.0002480983243938004,0.03412837468313716,5821.5544037262525,-28.48472283864926,6127.952003922372,-0.004767044401217008,0.00024818506320073707,0.056179253073486396,5903.195816145348,-28.495309608483886,6213.8903327845765,-0.0047795795992759136,0.00047570337388684554,0.1957076666002549,3769.626324678634,-54.44168300723747,3968.0277101880356,0.0,0.0004743965236756476,0.19229233181657904,3694.0211861205976,-54.28747465334556,3888.4433538111557,0.0,0.0002481416937972687,0.00047504994878124656,-8.673880693668874e-08,-1.3068502111979576e-06,-56.98003244713315,-108.72915766058304,12341.842336706948,7856.471063999192,-0.004773312000246461,0.95
2.1,20.227580547455076,0.244572220072498,9.30197247327515,33.48710090379054,34.0,-0.012509353165710948,-12.509353165710948,12.509353165710948,0.005223224807105353,-0.022468920649324903,-0.01501299420316825,-0.005099724998398693,-0.29219271908560557,-0.0029906192485910856,-5.998078383167779e-05,-5.129383317833275e-05,0.00021921399827087157,-0.0006176481552648931,initial_edmd_training,True,False,False,0.0005025179499149375,-0.3414841220681755,-5800.911063853615,-57.59787866157374,6106.22217247749,-0.005092580914549705,0.0005045245981056091,-0.32540649034979274,-5853.261670246144,-57.828836402659825,6161.328073943309,-0.005106889154265893,0.0002689960884364857,-0.04279653341010243,-3841.803928337812,-30.85159593818019,4044.004135092434,0.0,0.00026827708272889663,-0.04228370898847042,-3789.823328038248,-30.76822224940287,3989.2877137244714,0.0,0.0005035212740102733,0.00026863658558269116,-2.0066481906716362e-06,-7.190057075890689e-07,-115.42671506423356,-61.619818187583064,12267.5502464208,8033.291848816905,-0.005099735034407799,0.95
2.15,20.695247148937412,0.23865729282611434,9.390835735744629,33.807008648680664,34.0,-0.011033750744049976,-11.033750744049977,11.033750744049977,0.005828928287776591,-0.020426482802950965,-0.015497774029635886,-0.004511105588931613,-0.25846731118365907,-0.002894971986517054,4.829657858807998e-05,3.8601065505441436e-05,0.0007725967702021386,0.0002342300434299456,initial_edmd_training,True,False,False,0.0004974751953855396,0.05501865780942905,5842.631156035592,-57.02312758257329,6150.138058984833,-0.004505514581661592,0.0004990782213080906,0.03467147426950038,5880.9784248185615,-57.2074950087188,6190.50360507217,-0.004516710489393022,0.00033271592906122837,0.20635751608298408,3745.9398202796265,-38.13220617631398,3943.094547662765,0.0,0.00033192149633102017,0.2025754605740965,3719.6323005438153,-38.04055181772185,3915.402421625069,0.0,0.0004982767083468151,0.0003323187126961243,-1.6030259225509758e-06,-7.944327302081993e-07,-114.23062259129209,-76.17275799403583,12340.641664057002,7858.496969287834,-0.004511112535527307,0.95
2.2,21.161916906133506,0.2324098340024237,9.296462534169622,33.46726512301064,34.0,-0.00909558820102818,-9.09558820102818,9.09558820102818,0.006485685760411641,-0.017567627547372067,-0.013630789027761783,-0.005330588949826867,-0.3054202491441532,-0.002794510239247265,-7.609750090756175e-05,-8.349633547108555e-05,0.0006166088750079526,-0.0011113939725112074,initial_edmd_training,True,False,False,0.000764237134284767,-0.3223893043295744,-5826.687116615673,-87.4461432228661,6133.354859595446,-0.005322783902708534,0.0007674312031074741,-0.34506888664215374,-5827.38075808924,-87.8098221712537,6134.08500851499,-0.005338416920152788,0.00038882277885929524,-0.030354701373696297,-3817.9948964045475,-44.54028986022482,4018.9419962153133,0.0,0.0003877646672224382,-0.03440479112179692,-3814.505634526535,-44.41939552932158,4015.2690889753,0.0,0.0007658341686961206,0.0003882937230408667,-3.1940688227071736e-06,-1.0581116368570554e-06,-175.2559653941198,-88.9596853895464,12267.439868110436,8034.211085190613,-0.005330600411430661,0.95
2.25,21.629253160158175,0.22578684028925297,9.384415426858055,33.783895536689,34.0,-0.006897369723945089,-6.897369723945089,6.897369723945089,0.0070102164842889,-0.018250103547063107,-0.015541012361070389,-0.00523172323899058,-0.29975566117467317,-0.0026895748656660056,-2.1908806040810656e-05,-9.947686121570924e-05,0.0005162352974166819,-0.0012082322567618133,initial_edmd_training,True,False,False,0.0007940873844338566,0.03677059399985282,5871.716629881742,-90.84746703327569,6180.754347243939,-0.005224204818566055,0.0007967430684505057,0.06522750940184426,5857.366348693354,-91.14854372003059,6165.648788098268,-0.0052392633306922905,0.0006462528460633559,0.21817496805867478,3717.4592355841546,-73.82492775746618,3913.1149848254263,0.0,0.000644448585128129,0.21195965645110038,3743.8256853281605,-73.62364321079865,3940.8691424506956,0.0,0.0007954152264421811,0.0006453507155957424,-2.655684016649156e-06,-1.8042609352268745e-06,-181.99601075330628,-147.44857096826485,12346.403135342207,7853.984127276122,-0.005231734074629173,0.95
2.3000000000000003,22.095588929571512,0.21868153934314216,9.290014598119331,33.4440525532296,34.0,-0.0044755578182253996,-4.4755578182254,4.4755578182254,0.0074039128699556755,-0.018311383423305145,-0.016083019880761038,-0.006045674178842388,-0.34639161475888847,-0.00257980247805943,-0.00010731705158144767,-7.183719243613988e-05,-0.00021891762511451474,-0.0008045825592232596,initial_edmd_training,True,False,False,0.0010701774233107901,-0.3419654710770227,-5852.34875177797,-122.20977370588433,6160.367107134706,-0.0060356366189990695,0.0010749203917389464,-0.31380680753707313,-5807.457077849102,-122.74088269844431,6113.11271352537,-0.006055745179800861,0.0006438610736881978,-0.01708172807388981,-3794.861893425459,-73.56350387461741,3994.591466763641,0.0,0.0006418747627106918,-0.026435565106065984,-3834.3988140726547,-73.34294886346431,4036.2092779712157,0.0,0.0010725489075248682,0.0006428679181994447,-4.742968428156314e-06,-1.9863109775060525e-06,-244.95065640432864,-146.90645273808173,12273.479820660075,8030.800744734857,-0.006045690899399965,0.95
2.35,22.562745888472268,0.21102725018258742,9.3799618746124,33.76786274860464,34.0,-0.0019936436381599804,-1.9936436381599805,1.9936436381599805,0.007729266148970293,-0.020782567201090306,-0.01725358298602621,-0.006562246226212013,-0.37598901288760006,-0.002465631186990607,-7.119189610017515e-05,-9.415191786493401e-06,-0.0012071160750991503,-0.0005325902302665414,initial_edmd_training,True,False,False,0.0015204771701888115,0.0706764600972374,5887.282864395564,-173.1296306037891,6197.1398572584885,-0.006550421770184759,0.0015294122008738858,0.044038907987239514,5831.169417539296,-174.12011537122015,6138.073071093996,-0.006574113448520585,0.0002878222095316016,0.20421153672919148,3712.452136562489,-33.00128256842372,3907.844354276305,0.0,0.0002869802642439396,0.22157346342446152,3776.708270456485,-32.90669327519362,3975.482389954195,0.0,0.0015249446855313486,0.00028740123688777064,-8.935030685074336e-06,-8.419452876620172e-07,-347.24974597500926,-65.90797584361734,12335.212928352485,7883.3267442305,-0.006562267609352672,0.95
2.4000000000000004,23.028836804494233,0.20270676893654807,9.285485423967737,33.42774752628385,34.0,0.0004939258787377868,0.4939258787377868,0.4939258787377868,0.007989004442080283,-0.023974122391646403,-0.018291462274273633,-0.007857881863759382,-0.45022346670580593,-0.0023466938815634142,-0.00018557104735594842,-0.00011383428491847092,-0.001701149148457884,-0.0014089901878840683,initial_edmd_training,True,False,False,0.0015591708243928948,-0.30996739185787625,-5869.302377602189,-177.48509189111118,6178.213029054937,-0.007840933415224138,0.001568414236521052,-0.3331506140431795,-5789.525233235005,-178.50120002384236,6094.237087615795,-0.007874903738808378,0.0008483378271972429,-0.03017434696083046,-3781.593360982418,-96.72232568210363,3980.6245905078085,0.0,0.0008450115206589171,-0.01883430962343922,-3855.593406169189,-96.36222366244952,4058.519374914936,0.0,0.0015637925304569735,0.00084667467392808,-9.243412128157264e-06,-3.3263065383257575e-06,-355.98629191495354,-193.08454934455315,12272.45011667073,8039.143965422745,-0.007857918577016258,0.95
2.45,23.495798877702548,0.19365043886178473,9.377558831070253,33.75921179185291,34.0,0.0028027889184476184,2.8027889184476185,2.8027889184476185,0.007997842749433381,-0.028719985192671698,-0.02192740061800688,-0.00823005681558093,-0.4715475206856654,-0.0022235832850412197,-0.0001508746317178634,-0.00010908104220260818,-0.002906189398308799,-0.002970180606403538,initial_edmd_training,True,False,False,0.001592691785017179,0.050827439677839155,5899.1238384708595,-181.27063042312278,6209.604040495642,-0.008211466815172031,0.0016019660232967766,0.024053826007820005,5568.460720810332,-182.28888303216374,6125.136396480616,-0.008248731177145224,0.0010399149562245172,0.21617389106578827,3700.7470178133935,-118.30669526496898,3895.5231766456777,0.0,0.0010355356561233507,0.21274678769236105,3782.1361475218446,-117.84113753641772,3981.1959447598365,0.0,0.0015973289041569779,0.001037725306173934,-9.274238279597747e-06,-4.379300101166458e-06,-363.5595134552865,-236.1478328013867,12334.740436976259,7876.719121405515,-0.008230098996158628,0.95
2.5,23.961743321432632,0.18381576025941132,9.283129819270487,33.419267349373754,34.0,0.004880340544297979,4.880340544297979,4.880340544297979,0.007807002526976969,-0.032718038885280507,-0.025526413872020818,-0.008912521633506396,-0.5106498744189588,-0.002095930112952077,-0.0002200524981241696,-4.075807417133932e-05,-0.0037683645787965764,-7.741586832327174e-05,initial_edmd_training,True,False,False,0.0017134223469976737,-0.32936992047376934,-5864.853236529382,-194.84528178098662,6173.529722662508,-0.008890724875408738,0.0017241608624082587,-0.3369166273271861,-5783.030449671024,-196.02124778362867,6087.400473337921,-0.008934425526539821,0.001137438152477143,-0.01893701118062188,-3783.129415886579,-129.30365981845168,3982.2414904069255,0.0,0.001132238114620965,-0.026863334128291283,-3859.2574572761564,-128.74857265021373,4062.376270817007,0.0,0.0017187916047029662,0.0011348381335490542,-1.0738515410585025e-05,-5.200037856177954e-06,-390.8665295646153,-258.0522324686654,12260.930196000429,8044.617761223933,-0.00891257520097428,0.95
2.5500000000000003,24.42854585938887,0.17313238066413156,9.375851559261642,33.75306561334191,34.0,0.006611179110146288,6.611179110146288,6.611179110146288,0.007480589839926832,-0.03671810017144706,-0.02533997463717373,-0.00950929744427841,-0.5448426096916931,-0.00196442033691915,-0.0002325713784820261,-8.46195283208083e-05,-0.0051844723431205345,-0.0013333684039273722,initial_edmd_training,True,False,False,0.0019541472298817064,0.031202868031048932,5891.072058262361,-221.8817668149505,6201.128482381433,-0.009484488123195469,0.001969109558961618,0.03241298803042135,5817.705041868993,-223.52251884111772,6123.900044072625,-0.00953423689319662,0.000831576114562951,0.20466326933230505,3710.886678132855,-94.81213997663252,3906.1965032977423,0.0,0.000827752166202056,0.22278735212902065,3777.970794531668,-94.39426242291267,3976.811362664914,0.0,0.001961628394421662,0.0008296641403825035,-1.4962329079911633e-05,-3.823948360895044e-06,-445.4042856560682,-189.2064023995452,12325.028526454058,7883.007865962656,-0.009509362508196045,0.95
2.6,24.894321796065103,0.1616636707558043,9.279493306131235,33.40617590207245,34.0,0.007942665121301503,7.942665121301503,7.942665121301503,0.007011500050416064,-0.04133375384575704,-0.027652569492704483,-0.009813423841291634,-0.5622677686790708,-0.0018287208892561265,-0.00024517204274401676,-2.9365293757095852e-05,-0.005041804640790404,0.00027717008826054143,initial_edmd_training,True,False,False,0.0019650435196621476,-0.31578970575941584,-5849.082263492558,-223.0825263103545,6156.9286984132195,-0.009787004496204952,0.001980284884788698,-0.3410804974612311,-5789.387749158079,-224.7600523962083,6094.09236753482,-0.009839986202243948,0.0009103954808864022,-0.031388365882689784,-3796.269734442351,-103.73600929787708,3996.073404676159,0.0,0.0009060238107118338,-0.015877767549219973,-3675.7031876444235,-103.25638506533521,4055.743545827238,0.0,0.001972664202225423,0.0009082096457991181,-1.5241365126550561e-05,-4.371670174568485e-06,-447.8425787065628,-206.99239436321227,12251.02106594804,8051.816950503397,-0.00981349534922445,0.95
2.6500000000000004,25.360864470338445,0.14937806088467523,9.370704132381285,33.734534876572624,34.0,0.008860034153276006,8.860034153276006,8.860034153276006,0.006443319684581006,-0.043935145807913537,-0.027773920834023958,-0.009979162756737648,-0.571763909035203,-0.0016895992771744207,-0.00025696040959262423,-7.889769719648942e-05,-0.006312212885943483,-0.001238975508878637,initial_edmd_training,True,False,False,0.0017733366990285414,0.0440987239211872,5877.757572332074,-201.58447128151542,6187.113234033763,-0.009951844754965569,0.0017866283340758726,0.02582148839588164,5834.8161604646475,-203.0602499216475,6141.911747857524,-0.010006631143173994,0.001002191663238416,0.2157413696960094,3722.2355784859883,-114.06665035481008,3918.1427141957774,0.0,0.0009971323550888483,0.22274881179474545,3752.9009454168117,-113.50630358280743,3950.4220478071707,0.0,0.001779982516552207,0.0009996620091636322,-1.3291635047331255e-05,-5.059308149567678e-06,-404.64472120316293,-227.5729539376175,12329.024981891285,7868.564762002949,-0.009979237949069781,0.95
2.7,25.826266314292337,0.13639536309468228,9.273231735086597,33.38363424631175,34.0,0.009348813144578798,9.348813144578799,9.348813144578799,0.005738723334523854,-0.04676246359473683,-0.02963760688765204,-0.009618603699455882,-0.5511053967877422,-0.0015467625417080076,-0.00024303193470765795,-5.3718496000288926e-05,-0.0056222255232926885,0.00013112352370386882,initial_edmd_training,True,False,False,0.0014792846504181755,-0.3343533599753243,-5836.379360548549,-168.47035579458796,6143.557221630052,-0.009593221529124415,0.0014880038832552247,-0.30857221830355974,-5820.318057597024,-169.44903802636688,6126.650586944235,-0.00964412053647073,0.001292927772229895,-0.021183476862580666,-3807.1451699412933,-146.7595387924039,4007.521231517151,0.0,0.0012862410432644782,-0.017699575101595928,-3822.8256300146477,-146.01819361699515,4024.0269789627873,0.0,0.0014836442668367,0.0012895844077471866,-8.719232837049251e-06,-6.686728965416781e-06,-337.91939382095484,-292.77773240939905,12270.207808574287,8031.5482104799385,-0.009618671032797572,0.95
2.75,26.292570996408216,0.12273002857841984,9.366608103478665,33.71978917252319,34.0,0.009445213251179072,9.445213251179071,9.445213251179071,0.004948747860077596,-0.046574478601200654,-0.028654371769321473,-0.009146999381848799,-0.5240844597887091,-0.0014010569755470218,-0.00023289432177103775,-3.6073523944303056e-05,-0.0065035219431424166,0.00022921550128404342,initial_edmd_training,True,False,False,0.0013135325063894678,0.024637474133516694,5703.5752619091145,-149.7612545078286,6164.431618417731,-0.009124042153277683,0.0013214989633118942,0.05189071210801621,5863.147849935479,-150.66321144895863,6171.734578879452,-0.009170072425089295,0.0010096618042950817,0.22633683142496272,3747.962664114465,-114.91624075629359,3945.223856962595,0.0,0.001004764975448647,0.20245096769379503,3725.137803482112,-114.35742176971422,3921.1976878759074,0.0,0.001317515734850681,0.0010072133898718643,-7.96645692242642e-06,-4.896828846434739e-06,-300.42446595678723,-229.2736625260078,12336.166197297183,7866.421544838502,-0.00914705728918349,0.95
2.8000000000000003,26.757881075974623,0.10856157540215783,9.272874103444623,33.382346772400645,34.0,0.009189156956427125,9.189156956427125,9.189156956427125,0.004157750242051783,-0.04637563970370641,-0.027304485011562515,-0.008422568590779653,-0.4825776329111235,-0.0012521211833967747,-0.00019095474006532165,1.5439214312137385e-05,-0.005316631419793619,0.0009748833110542685,initial_edmd_training,True,False,False,0.0011815136312392483,-0.3431316599097435,-5809.212355942988,-134.81754463710234,6114.96037467683,-0.008403099779369724,0.0011884993384984356,-0.32831468383668905,-5845.9090605007295,-135.61508109669472,6153.58848473761,-0.008442127822584893,0.0008113703726246173,-0.02150827885993775,-3834.167153316664,-92.55275413063168,4035.965424543857,0.0,0.0008077860841947331,-0.03174677171659061,-3800.2613269533604,-92.14054893270344,4000.2750810035373,0.0,0.0011850064848688419,0.0008095782284096752,-6.985707259187348e-06,-3.5842884298841957e-06,-270.43262573379707,-184.69330306333512,12268.54885941444,8036.240505547394,-0.008422613800977308,0.95
2.85,27.223898426782934,0.09395874992010307,9.36160632171136,33.701782758160896,34.0,0.008673230770273117,8.673230770273117,8.673230770273117,0.0034256597496984398,-0.04370194651800534,-0.025071750395809424,-0.007661634475141956,-0.4389793195975637,-0.001100852416172773,-0.00015435635218857824,4.838192950790826e-05,-0.005367466266156626,0.0008722503594613441,initial_edmd_training,True,False,False,0.000931276941881432,0.05672825474724109,5834.138857539578,-106.44289260386199,6141.198797410082,-0.007645521132251657,0.0009364858001789528,0.034517028741603006,5889.602146984703,-107.0407981433987,6199.581207352319,-0.0076778158795973005,0.0005912605434996208,0.2279338458058741,3768.537859118625,-67.58685039296748,3966.881956966974,0.0,0.0005888848556350377,0.21624843923685652,3700.308239822497,-67.30946621141834,3895.0613050763127,0.0,0.0009338813710301924,0.0005900726995673293,-5.208858297520765e-06,-2.3756878645831e-06,-213.4836907472607,-134.89631660438582,12340.7800047624,7861.943262043287,-0.007661668505924479,0.95
2.9000000000000004,27.688936277224393,0.07907798314960421,9.267688535490242,33.36367872776487,34.0,0.007982943921705312,7.982943921705312,7.982943921705312,0.0027637086715319725,-0.040945112456917454,-0.022885351601929903,-0.006711005999060284,-0.3845123200331308,-0.0009470039927142787,-0.00011917774318426656,1.5302002459221652e-05,-0.003727856082764207,0.0008460695407823404,initial_edmd_training,True,False,False,0.0007111484059867992,-0.31980840538429334,-5789.235646698479,-81.39758466286933,6093.9322596826105,-0.006698639881889284,0.0007143391393690029,-0.3468002936928638,-5865.726191209995,-81.76611501769523,6174.44862232631,-0.006723417857268828,0.0005442550590634963,-0.018703284615026003,-3854.5799828606096,-62.25118115706268,4057.452613537484,0.0,0.0005422998101436925,-0.01718848227599822,-3782.272644590946,-62.0223440077733,3981.3396258852067,0.0,0.0007127437726779011,0.0005432774346035944,-3.190733382203736e-06,-1.9552489198038136e-06,-163.16369968056455,-124.27352516483597,12268.380882008922,8038.792239422691,-0.006711028869579055,0.95
2.95,28.154874457029436,0.06396213015650673,9.361916918581343,33.702900906892836,34.0,0.007190837238309131,7.190837238309132,7.190837238309132,0.0021151837184039124,-0.036158766151645504,-0.020568939249954437,-0.005565476484466303,-0.3188783135392258,-0.0007914493299005132,-9.197599070379005e-05,-7.434227041179216e-06,-0.00325589975749236,0.001415532787663213,initial_edmd_training,True,False,False,0.00041787985468131483,0.03729428734394648,5816.169206405015,-47.92395260679382,6122.283375163173,-0.005556968994300832,0.0004191318516225874,0.039612711940844016,5904.691871592712,-48.06913161258819,6215.465127992329,-0.00557401006353562,0.0004295535493955768,0.20937557133592505,3790.7464187476426,-49.18439431906082,3990.2593881554135,0.0,0.0004282378304716976,0.2000330013667468,3694.368560187556,-49.028848913830714,3888.809010723743,0.0,0.0004185058531519511,0.0004288956899336372,-1.2519969412725556e-06,-1.3157189238791923e-06,-95.99308421938201,-98.21324323289153,12337.748503155502,7879.068398879157,-0.005565489528918226,0.95
